user_id,profile_picture,picture1,picture2,picture3,picture4
1,profile_picture_1.jpg,picture_1_2.jpg,picture_2_2.jpg,picture_3_2.jpg,picture_4_2.jpg
2,profile_picture_2.jpg,picture_1_3.jpg,picture_2_3.jpg,picture_3_3.jpg,picture_4_3.jpg
3,profile_picture_3.jpg,picture_1_4.jpg,picture_2_4.jpg,picture_3_4.jpg,picture_4_4.jpg
4,profile_picture_4.jpg,picture_1_5.jpg,picture_2_5.jpg,picture_3_5.jpg,picture_4_5.jpg
5,profile_picture_5.jpg,picture_1_6.jpg,picture_2_6.jpg,picture_3_6.jpg,picture_4_6.jpg
6,profile_picture_6.jpg,picture_1_7.jpg,picture_2_7.jpg,picture_3_7.jpg,picture_4_7.jpg
7,profile_picture_7.jpg,picture_1_8.jpg,picture_2_8.jpg,picture_3_8.jpg,picture_4_8.jpg
8,profile_picture_8.jpg,picture_1_9.jpg,picture_2_9.jpg,picture_3_9.jpg,picture_4_9.jpg
9,profile_picture_9.jpg,picture_1_10.jpg,picture_2_10.jpg,picture_3_10.jpg,picture_4_10.jpg
10,profile_picture_10.jpg,picture_1_11.jpg,picture_2_11.jpg,picture_3_11.jpg,picture_4_11.jpg
11,profile_picture_11.jpg,picture_1_12.jpg,picture_2_12.jpg,picture_3_12.jpg,picture_4_12.jpg
12,profile_picture_12.jpg,picture_1_13.jpg,picture_2_13.jpg,picture_3_13.jpg,picture_4_13.jpg
13,profile_picture_13.jpg,picture_1_14.jpg,picture_2_14.jpg,picture_3_14.jpg,picture_4_14.jpg
14,profile_picture_14.jpg,picture_1_15.jpg,picture_2_15.jpg,picture_3_15.jpg,picture_4_15.jpg
15,profile_picture_15.jpg,picture_1_16.jpg,picture_2_16.jpg,picture_3_16.jpg,picture_4_16.jpg
16,profile_picture_16.jpg,picture_1_17.jpg,picture_2_17.jpg,picture_3_17.jpg,picture_4_17.jpg
17,profile_picture_17.jpg,picture_1_18.jpg,picture_2_18.jpg,picture_3_18.jpg,picture_4_18.jpg
18,profile_picture_18.jpg,picture_1_19.jpg,picture_2_19.jpg,picture_3_19.jpg,picture_4_19.jpg
19,profile_picture_19.jpg,picture_1_20.jpg,picture_2_20.jpg,picture_3_20.jpg,picture_4_20.jpg
20,profile_picture_20.jpg,picture_1_21.jpg,picture_2_21.jpg,picture_3_21.jpg,picture_4_21.jpg
21,profile_picture_21.jpg,picture_1_22.jpg,picture_2_22.jpg,picture_3_22.jpg,picture_4_22.jpg
22,profile_picture_22.jpg,picture_1_23.jpg,picture_2_23.jpg,picture_3_23.jpg,picture_4_23.jpg
23,profile_picture_23.jpg,picture_1_24.jpg,picture_2_24.jpg,picture_3_24.jpg,picture_4_24.jpg
24,profile_picture_24.jpg,picture_1_25.jpg,picture_2_25.jpg,picture_3_25.jpg,picture_4_25.jpg
25,profile_picture_25.jpg,picture_1_26.jpg,picture_2_26.jpg,picture_3_26.jpg,picture_4_26.jpg
26,profile_picture_26.jpg,picture_1_27.jpg,picture_2_27.jpg,picture_3_27.jpg,picture_4_27.jpg
27,profile_picture_27.jpg,picture_1_28.jpg,picture_2_28.jpg,picture_3_28.jpg,picture_4_28.jpg
28,profile_picture_28.jpg,picture_1_29.jpg,picture_2_29.jpg,picture_3_29.jpg,picture_4_29.jpg
29,profile_picture_29.jpg,picture_1_30.jpg,picture_2_30.jpg,picture_3_30.jpg,picture_4_30.jpg
30,profile_picture_30.jpg,picture_1_31.jpg,picture_2_31.jpg,picture_3_31.jpg,picture_4_31.jpg
31,profile_picture_31.jpg,picture_1_32.jpg,picture_2_32.jpg,picture_3_32.jpg,picture_4_32.jpg
32,profile_picture_32.jpg,picture_1_33.jpg,picture_2_33.jpg,picture_3_33.jpg,picture_4_33.jpg
33,profile_picture_33.jpg,picture_1_34.jpg,picture_2_34.jpg,picture_3_34.jpg,picture_4_34.jpg
34,profile_picture_34.jpg,picture_1_35.jpg,picture_2_35.jpg,picture_3_35.jpg,picture_4_35.jpg
35,profile_picture_35.jpg,picture_1_36.jpg,picture_2_36.jpg,picture_3_36.jpg,picture_4_36.jpg
36,profile_picture_36.jpg,picture_1_37.jpg,picture_2_37.jpg,picture_3_37.jpg,picture_4_37.jpg
37,profile_picture_37.jpg,picture_1_38.jpg,picture_2_38.jpg,picture_3_38.jpg,picture_4_38.jpg
38,profile_picture_38.jpg,picture_1_39.jpg,picture_2_39.jpg,picture_3_39.jpg,picture_4_39.jpg
39,profile_picture_39.jpg,picture_1_40.jpg,picture_2_40.jpg,picture_3_40.jpg,picture_4_40.jpg
40,profile_picture_40.jpg,picture_1_41.jpg,picture_2_41.jpg,picture_3_41.jpg,picture_4_41.jpg
41,profile_picture_41.jpg,picture_1_42.jpg,picture_2_42.jpg,picture_3_42.jpg,picture_4_42.jpg
42,profile_picture_42.jpg,picture_1_43.jpg,picture_2_43.jpg,picture_3_43.jpg,picture_4_43.jpg
43,profile_picture_43.jpg,picture_1_44.jpg,picture_2_44.jpg,picture_3_44.jpg,picture_4_44.jpg
44,profile_picture_44.jpg,picture_1_45.jpg,picture_2_45.jpg,picture_3_45.jpg,picture_4_45.jpg
45,profile_picture_45.jpg,picture_1_46.jpg,picture_2_46.jpg,picture_3_46.jpg,picture_4_46.jpg
46,profile_picture_46.jpg,picture_1_47.jpg,picture_2_47.jpg,picture_3_47.jpg,picture_4_47.jpg
47,profile_picture_47.jpg,picture_1_48.jpg,picture_2_48.jpg,picture_3_48.jpg,picture_4_48.jpg
48,profile_picture_48.jpg,picture_1_49.jpg,picture_2_49.jpg,picture_3_49.jpg,picture_4_49.jpg
49,profile_picture_49.jpg,picture_1_50.jpg,picture_2_50.jpg,picture_3_50.jpg,picture_4_50.jpg
50,profile_picture_50.jpg,picture_1_51.jpg,picture_2_51.jpg,picture_3_51.jpg,picture_4_51.jpg
51,profile_picture_51.jpg,picture_1_52.jpg,picture_2_52.jpg,picture_3_52.jpg,picture_4_52.jpg
52,profile_picture_52.jpg,picture_1_53.jpg,picture_2_53.jpg,picture_3_53.jpg,picture_4_53.jpg
53,profile_picture_53.jpg,picture_1_54.jpg,picture_2_54.jpg,picture_3_54.jpg,picture_4_54.jpg
54,profile_picture_54.jpg,picture_1_55.jpg,picture_2_55.jpg,picture_3_55.jpg,picture_4_55.jpg
55,profile_picture_55.jpg,picture_1_56.jpg,picture_2_56.jpg,picture_3_56.jpg,picture_4_56.jpg
56,profile_picture_56.jpg,picture_1_57.jpg,picture_2_57.jpg,picture_3_57.jpg,picture_4_57.jpg
57,profile_picture_57.jpg,picture_1_58.jpg,picture_2_58.jpg,picture_3_58.jpg,picture_4_58.jpg
58,profile_picture_58.jpg,picture_1_59.jpg,picture_2_59.jpg,picture_3_59.jpg,picture_4_59.jpg
59,profile_picture_59.jpg,picture_1_60.jpg,picture_2_60.jpg,picture_3_60.jpg,picture_4_60.jpg
60,profile_picture_60.jpg,picture_1_61.jpg,picture_2_61.jpg,picture_3_61.jpg,picture_4_61.jpg
61,profile_picture_61.jpg,picture_1_62.jpg,picture_2_62.jpg,picture_3_62.jpg,picture_4_62.jpg
62,profile_picture_62.jpg,picture_1_63.jpg,picture_2_63.jpg,picture_3_63.jpg,picture_4_63.jpg
63,profile_picture_63.jpg,picture_1_64.jpg,picture_2_64.jpg,picture_3_64.jpg,picture_4_64.jpg
64,profile_picture_64.jpg,picture_1_65.jpg,picture_2_65.jpg,picture_3_65.jpg,picture_4_65.jpg
65,profile_picture_65.jpg,picture_1_66.jpg,picture_2_66.jpg,picture_3_66.jpg,picture_4_66.jpg
66,profile_picture_66.jpg,picture_1_67.jpg,picture_2_67.jpg,picture_3_67.jpg,picture_4_67.jpg
67,profile_picture_67.jpg,picture_1_68.jpg,picture_2_68.jpg,picture_3_68.jpg,picture_4_68.jpg
68,profile_picture_68.jpg,picture_1_69.jpg,picture_2_69.jpg,picture_3_69.jpg,picture_4_69.jpg
69,profile_picture_69.jpg,picture_1_70.jpg,picture_2_70.jpg,picture_3_70.jpg,picture_4_70.jpg
70,profile_picture_70.jpg,picture_1_71.jpg,picture_2_71.jpg,picture_3_71.jpg,picture_4_71.jpg
71,profile_picture_71.jpg,picture_1_72.jpg,picture_2_72.jpg,picture_3_72.jpg,picture_4_72.jpg
72,profile_picture_72.jpg,picture_1_73.jpg,picture_2_73.jpg,picture_3_73.jpg,picture_4_73.jpg
73,profile_picture_73.jpg,picture_1_74.jpg,picture_2_74.jpg,picture_3_74.jpg,picture_4_74.jpg
74,profile_picture_74.jpg,picture_1_75.jpg,picture_2_75.jpg,picture_3_75.jpg,picture_4_75.jpg
75,profile_picture_75.jpg,picture_1_76.jpg,picture_2_76.jpg,picture_3_76.jpg,picture_4_76.jpg
76,profile_picture_76.jpg,picture_1_77.jpg,picture_2_77.jpg,picture_3_77.jpg,picture_4_77.jpg
77,profile_picture_77.jpg,picture_1_78.jpg,picture_2_78.jpg,picture_3_78.jpg,picture_4_78.jpg
78,profile_picture_78.jpg,picture_1_79.jpg,picture_2_79.jpg,picture_3_79.jpg,picture_4_79.jpg
79,profile_picture_79.jpg,picture_1_80.jpg,picture_2_80.jpg,picture_3_80.jpg,picture_4_80.jpg
80,profile_picture_80.jpg,picture_1_81.jpg,picture_2_81.jpg,picture_3_81.jpg,picture_4_81.jpg
81,profile_picture_81.jpg,picture_1_82.jpg,picture_2_82.jpg,picture_3_82.jpg,picture_4_82.jpg
82,profile_picture_82.jpg,picture_1_83.jpg,picture_2_83.jpg,picture_3_83.jpg,picture_4_83.jpg
83,profile_picture_83.jpg,picture_1_84.jpg,picture_2_84.jpg,picture_3_84.jpg,picture_4_84.jpg
84,profile_picture_84.jpg,picture_1_85.jpg,picture_2_85.jpg,picture_3_85.jpg,picture_4_85.jpg
85,profile_picture_85.jpg,picture_1_86.jpg,picture_2_86.jpg,picture_3_86.jpg,picture_4_86.jpg
86,profile_picture_86.jpg,picture_1_87.jpg,picture_2_87.jpg,picture_3_87.jpg,picture_4_87.jpg
87,profile_picture_87.jpg,picture_1_88.jpg,picture_2_88.jpg,picture_3_88.jpg,picture_4_88.jpg
88,profile_picture_88.jpg,picture_1_89.jpg,picture_2_89.jpg,picture_3_89.jpg,picture_4_89.jpg
89,profile_picture_89.jpg,picture_1_90.jpg,picture_2_90.jpg,picture_3_90.jpg,picture_4_90.jpg
90,profile_picture_90.jpg,picture_1_91.jpg,picture_2_91.jpg,picture_3_91.jpg,picture_4_91.jpg
91,profile_picture_91.jpg,picture_1_92.jpg,picture_2_92.jpg,picture_3_92.jpg,picture_4_92.jpg
92,profile_picture_92.jpg,picture_1_93.jpg,picture_2_93.jpg,picture_3_93.jpg,picture_4_93.jpg
93,profile_picture_93.jpg,picture_1_94.jpg,picture_2_94.jpg,picture_3_94.jpg,picture_4_94.jpg
94,profile_picture_94.jpg,picture_1_95.jpg,picture_2_95.jpg,picture_3_95.jpg,picture_4_95.jpg
95,profile_picture_95.jpg,picture_1_96.jpg,picture_2_96.jpg,picture_3_96.jpg,picture_4_96.jpg
96,profile_picture_96.jpg,picture_1_97.jpg,picture_2_97.jpg,picture_3_97.jpg,picture_4_97.jpg
97,profile_picture_97.jpg,picture_1_98.jpg,picture_2_98.jpg,picture_3_98.jpg,picture_4_98.jpg
98,profile_picture_98.jpg,picture_1_99.jpg,picture_2_99.jpg,picture_3_99.jpg,picture_4_99.jpg
99,profile_picture_99.jpg,picture_1_100.jpg,picture_2_100.jpg,picture_3_100.jpg,picture_4_100.jpg
100,profile_picture_100.jpg,picture_1_101.jpg,picture_2_101.jpg,picture_3_101.jpg,picture_4_101.jpg
101,profile_picture_101.jpg,picture_1_102.jpg,picture_2_102.jpg,picture_3_102.jpg,picture_4_102.jpg
102,profile_picture_102.jpg,picture_1_103.jpg,picture_2_103.jpg,picture_3_103.jpg,picture_4_103.jpg
103,profile_picture_103.jpg,picture_1_104.jpg,picture_2_104.jpg,picture_3_104.jpg,picture_4_104.jpg
104,profile_picture_104.jpg,picture_1_105.jpg,picture_2_105.jpg,picture_3_105.jpg,picture_4_105.jpg
105,profile_picture_105.jpg,picture_1_106.jpg,picture_2_106.jpg,picture_3_106.jpg,picture_4_106.jpg
106,profile_picture_106.jpg,picture_1_107.jpg,picture_2_107.jpg,picture_3_107.jpg,picture_4_107.jpg
107,profile_picture_107.jpg,picture_1_108.jpg,picture_2_108.jpg,picture_3_108.jpg,picture_4_108.jpg
108,profile_picture_108.jpg,picture_1_109.jpg,picture_2_109.jpg,picture_3_109.jpg,picture_4_109.jpg
109,profile_picture_109.jpg,picture_1_110.jpg,picture_2_110.jpg,picture_3_110.jpg,picture_4_110.jpg
110,profile_picture_110.jpg,picture_1_111.jpg,picture_2_111.jpg,picture_3_111.jpg,picture_4_111.jpg
111,profile_picture_111.jpg,picture_1_112.jpg,picture_2_112.jpg,picture_3_112.jpg,picture_4_112.jpg
112,profile_picture_112.jpg,picture_1_113.jpg,picture_2_113.jpg,picture_3_113.jpg,picture_4_113.jpg
113,profile_picture_113.jpg,picture_1_114.jpg,picture_2_114.jpg,picture_3_114.jpg,picture_4_114.jpg
114,profile_picture_114.jpg,picture_1_115.jpg,picture_2_115.jpg,picture_3_115.jpg,picture_4_115.jpg
115,profile_picture_115.jpg,picture_1_116.jpg,picture_2_116.jpg,picture_3_116.jpg,picture_4_116.jpg
116,profile_picture_116.jpg,picture_1_117.jpg,picture_2_117.jpg,picture_3_117.jpg,picture_4_117.jpg
117,profile_picture_117.jpg,picture_1_118.jpg,picture_2_118.jpg,picture_3_118.jpg,picture_4_118.jpg
118,profile_picture_118.jpg,picture_1_119.jpg,picture_2_119.jpg,picture_3_119.jpg,picture_4_119.jpg
119,profile_picture_119.jpg,picture_1_120.jpg,picture_2_120.jpg,picture_3_120.jpg,picture_4_120.jpg
120,profile_picture_120.jpg,picture_1_121.jpg,picture_2_121.jpg,picture_3_121.jpg,picture_4_121.jpg
121,profile_picture_121.jpg,picture_1_122.jpg,picture_2_122.jpg,picture_3_122.jpg,picture_4_122.jpg
122,profile_picture_122.jpg,picture_1_123.jpg,picture_2_123.jpg,picture_3_123.jpg,picture_4_123.jpg
123,profile_picture_123.jpg,picture_1_124.jpg,picture_2_124.jpg,picture_3_124.jpg,picture_4_124.jpg
124,profile_picture_124.jpg,picture_1_125.jpg,picture_2_125.jpg,picture_3_125.jpg,picture_4_125.jpg
125,profile_picture_125.jpg,picture_1_126.jpg,picture_2_126.jpg,picture_3_126.jpg,picture_4_126.jpg
126,profile_picture_126.jpg,picture_1_127.jpg,picture_2_127.jpg,picture_3_127.jpg,picture_4_127.jpg
127,profile_picture_127.jpg,picture_1_128.jpg,picture_2_128.jpg,picture_3_128.jpg,picture_4_128.jpg
128,profile_picture_128.jpg,picture_1_129.jpg,picture_2_129.jpg,picture_3_129.jpg,picture_4_129.jpg
129,profile_picture_129.jpg,picture_1_130.jpg,picture_2_130.jpg,picture_3_130.jpg,picture_4_130.jpg
130,profile_picture_130.jpg,picture_1_131.jpg,picture_2_131.jpg,picture_3_131.jpg,picture_4_131.jpg
131,profile_picture_131.jpg,picture_1_132.jpg,picture_2_132.jpg,picture_3_132.jpg,picture_4_132.jpg
132,profile_picture_132.jpg,picture_1_133.jpg,picture_2_133.jpg,picture_3_133.jpg,picture_4_133.jpg
133,profile_picture_133.jpg,picture_1_134.jpg,picture_2_134.jpg,picture_3_134.jpg,picture_4_134.jpg
134,profile_picture_134.jpg,picture_1_135.jpg,picture_2_135.jpg,picture_3_135.jpg,picture_4_135.jpg
135,profile_picture_135.jpg,picture_1_136.jpg,picture_2_136.jpg,picture_3_136.jpg,picture_4_136.jpg
136,profile_picture_136.jpg,picture_1_137.jpg,picture_2_137.jpg,picture_3_137.jpg,picture_4_137.jpg
137,profile_picture_137.jpg,picture_1_138.jpg,picture_2_138.jpg,picture_3_138.jpg,picture_4_138.jpg
138,profile_picture_138.jpg,picture_1_139.jpg,picture_2_139.jpg,picture_3_139.jpg,picture_4_139.jpg
139,profile_picture_139.jpg,picture_1_140.jpg,picture_2_140.jpg,picture_3_140.jpg,picture_4_140.jpg
140,profile_picture_140.jpg,picture_1_141.jpg,picture_2_141.jpg,picture_3_141.jpg,picture_4_141.jpg
141,profile_picture_141.jpg,picture_1_142.jpg,picture_2_142.jpg,picture_3_142.jpg,picture_4_142.jpg
142,profile_picture_142.jpg,picture_1_143.jpg,picture_2_143.jpg,picture_3_143.jpg,picture_4_143.jpg
143,profile_picture_143.jpg,picture_1_144.jpg,picture_2_144.jpg,picture_3_144.jpg,picture_4_144.jpg
144,profile_picture_144.jpg,picture_1_145.jpg,picture_2_145.jpg,picture_3_145.jpg,picture_4_145.jpg
145,profile_picture_145.jpg,picture_1_146.jpg,picture_2_146.jpg,picture_3_146.jpg,picture_4_146.jpg
146,profile_picture_146.jpg,picture_1_147.jpg,picture_2_147.jpg,picture_3_147.jpg,picture_4_147.jpg
147,profile_picture_147.jpg,picture_1_148.jpg,picture_2_148.jpg,picture_3_148.jpg,picture_4_148.jpg
148,profile_picture_148.jpg,picture_1_149.jpg,picture_2_149.jpg,picture_3_149.jpg,picture_4_149.jpg
149,profile_picture_149.jpg,picture_1_150.jpg,picture_2_150.jpg,picture_3_150.jpg,picture_4_150.jpg
150,profile_picture_150.jpg,picture_1_151.jpg,picture_2_151.jpg,picture_3_151.jpg,picture_4_151.jpg
151,profile_picture_151.jpg,picture_1_152.jpg,picture_2_152.jpg,picture_3_152.jpg,picture_4_152.jpg
152,profile_picture_152.jpg,picture_1_153.jpg,picture_2_153.jpg,picture_3_153.jpg,picture_4_153.jpg
153,profile_picture_153.jpg,picture_1_154.jpg,picture_2_154.jpg,picture_3_154.jpg,picture_4_154.jpg
154,profile_picture_154.jpg,picture_1_155.jpg,picture_2_155.jpg,picture_3_155.jpg,picture_4_155.jpg
155,profile_picture_155.jpg,picture_1_156.jpg,picture_2_156.jpg,picture_3_156.jpg,picture_4_156.jpg
156,profile_picture_156.jpg,picture_1_157.jpg,picture_2_157.jpg,picture_3_157.jpg,picture_4_157.jpg
157,profile_picture_157.jpg,picture_1_158.jpg,picture_2_158.jpg,picture_3_158.jpg,picture_4_158.jpg
158,profile_picture_158.jpg,picture_1_159.jpg,picture_2_159.jpg,picture_3_159.jpg,picture_4_159.jpg
159,profile_picture_159.jpg,picture_1_160.jpg,picture_2_160.jpg,picture_3_160.jpg,picture_4_160.jpg
160,profile_picture_160.jpg,picture_1_161.jpg,picture_2_161.jpg,picture_3_161.jpg,picture_4_161.jpg
161,profile_picture_161.jpg,picture_1_162.jpg,picture_2_162.jpg,picture_3_162.jpg,picture_4_162.jpg
162,profile_picture_162.jpg,picture_1_163.jpg,picture_2_163.jpg,picture_3_163.jpg,picture_4_163.jpg
163,profile_picture_163.jpg,picture_1_164.jpg,picture_2_164.jpg,picture_3_164.jpg,picture_4_164.jpg
164,profile_picture_164.jpg,picture_1_165.jpg,picture_2_165.jpg,picture_3_165.jpg,picture_4_165.jpg
165,profile_picture_165.jpg,picture_1_166.jpg,picture_2_166.jpg,picture_3_166.jpg,picture_4_166.jpg
166,profile_picture_166.jpg,picture_1_167.jpg,picture_2_167.jpg,picture_3_167.jpg,picture_4_167.jpg
167,profile_picture_167.jpg,picture_1_168.jpg,picture_2_168.jpg,picture_3_168.jpg,picture_4_168.jpg
168,profile_picture_168.jpg,picture_1_169.jpg,picture_2_169.jpg,picture_3_169.jpg,picture_4_169.jpg
169,profile_picture_169.jpg,picture_1_170.jpg,picture_2_170.jpg,picture_3_170.jpg,picture_4_170.jpg
170,profile_picture_170.jpg,picture_1_171.jpg,picture_2_171.jpg,picture_3_171.jpg,picture_4_171.jpg
171,profile_picture_171.jpg,picture_1_172.jpg,picture_2_172.jpg,picture_3_172.jpg,picture_4_172.jpg
172,profile_picture_172.jpg,picture_1_173.jpg,picture_2_173.jpg,picture_3_173.jpg,picture_4_173.jpg
173,profile_picture_173.jpg,picture_1_174.jpg,picture_2_174.jpg,picture_3_174.jpg,picture_4_174.jpg
174,profile_picture_174.jpg,picture_1_175.jpg,picture_2_175.jpg,picture_3_175.jpg,picture_4_175.jpg
175,profile_picture_175.jpg,picture_1_176.jpg,picture_2_176.jpg,picture_3_176.jpg,picture_4_176.jpg
176,profile_picture_176.jpg,picture_1_177.jpg,picture_2_177.jpg,picture_3_177.jpg,picture_4_177.jpg
177,profile_picture_177.jpg,picture_1_178.jpg,picture_2_178.jpg,picture_3_178.jpg,picture_4_178.jpg
178,profile_picture_178.jpg,picture_1_179.jpg,picture_2_179.jpg,picture_3_179.jpg,picture_4_179.jpg
179,profile_picture_179.jpg,picture_1_180.jpg,picture_2_180.jpg,picture_3_180.jpg,picture_4_180.jpg
180,profile_picture_180.jpg,picture_1_181.jpg,picture_2_181.jpg,picture_3_181.jpg,picture_4_181.jpg
181,profile_picture_181.jpg,picture_1_182.jpg,picture_2_182.jpg,picture_3_182.jpg,picture_4_182.jpg
182,profile_picture_182.jpg,picture_1_183.jpg,picture_2_183.jpg,picture_3_183.jpg,picture_4_183.jpg
183,profile_picture_183.jpg,picture_1_184.jpg,picture_2_184.jpg,picture_3_184.jpg,picture_4_184.jpg
184,profile_picture_184.jpg,picture_1_185.jpg,picture_2_185.jpg,picture_3_185.jpg,picture_4_185.jpg
185,profile_picture_185.jpg,picture_1_186.jpg,picture_2_186.jpg,picture_3_186.jpg,picture_4_186.jpg
186,profile_picture_186.jpg,picture_1_187.jpg,picture_2_187.jpg,picture_3_187.jpg,picture_4_187.jpg
187,profile_picture_187.jpg,picture_1_188.jpg,picture_2_188.jpg,picture_3_188.jpg,picture_4_188.jpg
188,profile_picture_188.jpg,picture_1_189.jpg,picture_2_189.jpg,picture_3_189.jpg,picture_4_189.jpg
189,profile_picture_189.jpg,picture_1_190.jpg,picture_2_190.jpg,picture_3_190.jpg,picture_4_190.jpg
190,profile_picture_190.jpg,picture_1_191.jpg,picture_2_191.jpg,picture_3_191.jpg,picture_4_191.jpg
191,profile_picture_191.jpg,picture_1_192.jpg,picture_2_192.jpg,picture_3_192.jpg,picture_4_192.jpg
192,profile_picture_192.jpg,picture_1_193.jpg,picture_2_193.jpg,picture_3_193.jpg,picture_4_193.jpg
193,profile_picture_193.jpg,picture_1_194.jpg,picture_2_194.jpg,picture_3_194.jpg,picture_4_194.jpg
194,profile_picture_194.jpg,picture_1_195.jpg,picture_2_195.jpg,picture_3_195.jpg,picture_4_195.jpg
195,profile_picture_195.jpg,picture_1_196.jpg,picture_2_196.jpg,picture_3_196.jpg,picture_4_196.jpg
196,profile_picture_196.jpg,picture_1_197.jpg,picture_2_197.jpg,picture_3_197.jpg,picture_4_197.jpg
197,profile_picture_197.jpg,picture_1_198.jpg,picture_2_198.jpg,picture_3_198.jpg,picture_4_198.jpg
198,profile_picture_198.jpg,picture_1_199.jpg,picture_2_199.jpg,picture_3_199.jpg,picture_4_199.jpg
199,profile_picture_199.jpg,picture_1_200.jpg,picture_2_200.jpg,picture_3_200.jpg,picture_4_200.jpg
200,profile_picture_200.jpg,picture_1_201.jpg,picture_2_201.jpg,picture_3_201.jpg,picture_4_201.jpg
201,profile_picture_201.jpg,picture_1_202.jpg,picture_2_202.jpg,picture_3_202.jpg,picture_4_202.jpg
202,profile_picture_202.jpg,picture_1_203.jpg,picture_2_203.jpg,picture_3_203.jpg,picture_4_203.jpg
203,profile_picture_203.jpg,picture_1_204.jpg,picture_2_204.jpg,picture_3_204.jpg,picture_4_204.jpg
204,profile_picture_204.jpg,picture_1_205.jpg,picture_2_205.jpg,picture_3_205.jpg,picture_4_205.jpg
205,profile_picture_205.jpg,picture_1_206.jpg,picture_2_206.jpg,picture_3_206.jpg,picture_4_206.jpg
206,profile_picture_206.jpg,picture_1_207.jpg,picture_2_207.jpg,picture_3_207.jpg,picture_4_207.jpg
207,profile_picture_207.jpg,picture_1_208.jpg,picture_2_208.jpg,picture_3_208.jpg,picture_4_208.jpg
208,profile_picture_208.jpg,picture_1_209.jpg,picture_2_209.jpg,picture_3_209.jpg,picture_4_209.jpg
209,profile_picture_209.jpg,picture_1_210.jpg,picture_2_210.jpg,picture_3_210.jpg,picture_4_210.jpg
210,profile_picture_210.jpg,picture_1_211.jpg,picture_2_211.jpg,picture_3_211.jpg,picture_4_211.jpg
211,profile_picture_211.jpg,picture_1_212.jpg,picture_2_212.jpg,picture_3_212.jpg,picture_4_212.jpg
212,profile_picture_212.jpg,picture_1_213.jpg,picture_2_213.jpg,picture_3_213.jpg,picture_4_213.jpg
213,profile_picture_213.jpg,picture_1_214.jpg,picture_2_214.jpg,picture_3_214.jpg,picture_4_214.jpg
214,profile_picture_214.jpg,picture_1_215.jpg,picture_2_215.jpg,picture_3_215.jpg,picture_4_215.jpg
215,profile_picture_215.jpg,picture_1_216.jpg,picture_2_216.jpg,picture_3_216.jpg,picture_4_216.jpg
216,profile_picture_216.jpg,picture_1_217.jpg,picture_2_217.jpg,picture_3_217.jpg,picture_4_217.jpg
217,profile_picture_217.jpg,picture_1_218.jpg,picture_2_218.jpg,picture_3_218.jpg,picture_4_218.jpg
218,profile_picture_218.jpg,picture_1_219.jpg,picture_2_219.jpg,picture_3_219.jpg,picture_4_219.jpg
219,profile_picture_219.jpg,picture_1_220.jpg,picture_2_220.jpg,picture_3_220.jpg,picture_4_220.jpg
220,profile_picture_220.jpg,picture_1_221.jpg,picture_2_221.jpg,picture_3_221.jpg,picture_4_221.jpg
221,profile_picture_221.jpg,picture_1_222.jpg,picture_2_222.jpg,picture_3_222.jpg,picture_4_222.jpg
222,profile_picture_222.jpg,picture_1_223.jpg,picture_2_223.jpg,picture_3_223.jpg,picture_4_223.jpg
223,profile_picture_223.jpg,picture_1_224.jpg,picture_2_224.jpg,picture_3_224.jpg,picture_4_224.jpg
224,profile_picture_224.jpg,picture_1_225.jpg,picture_2_225.jpg,picture_3_225.jpg,picture_4_225.jpg
225,profile_picture_225.jpg,picture_1_226.jpg,picture_2_226.jpg,picture_3_226.jpg,picture_4_226.jpg
226,profile_picture_226.jpg,picture_1_227.jpg,picture_2_227.jpg,picture_3_227.jpg,picture_4_227.jpg
227,profile_picture_227.jpg,picture_1_228.jpg,picture_2_228.jpg,picture_3_228.jpg,picture_4_228.jpg
228,profile_picture_228.jpg,picture_1_229.jpg,picture_2_229.jpg,picture_3_229.jpg,picture_4_229.jpg
229,profile_picture_229.jpg,picture_1_230.jpg,picture_2_230.jpg,picture_3_230.jpg,picture_4_230.jpg
230,profile_picture_230.jpg,picture_1_231.jpg,picture_2_231.jpg,picture_3_231.jpg,picture_4_231.jpg
231,profile_picture_231.jpg,picture_1_232.jpg,picture_2_232.jpg,picture_3_232.jpg,picture_4_232.jpg
232,profile_picture_232.jpg,picture_1_233.jpg,picture_2_233.jpg,picture_3_233.jpg,picture_4_233.jpg
233,profile_picture_233.jpg,picture_1_234.jpg,picture_2_234.jpg,picture_3_234.jpg,picture_4_234.jpg
234,profile_picture_234.jpg,picture_1_235.jpg,picture_2_235.jpg,picture_3_235.jpg,picture_4_235.jpg
235,profile_picture_235.jpg,picture_1_236.jpg,picture_2_236.jpg,picture_3_236.jpg,picture_4_236.jpg
236,profile_picture_236.jpg,picture_1_237.jpg,picture_2_237.jpg,picture_3_237.jpg,picture_4_237.jpg
237,profile_picture_237.jpg,picture_1_238.jpg,picture_2_238.jpg,picture_3_238.jpg,picture_4_238.jpg
238,profile_picture_238.jpg,picture_1_239.jpg,picture_2_239.jpg,picture_3_239.jpg,picture_4_239.jpg
239,profile_picture_239.jpg,picture_1_240.jpg,picture_2_240.jpg,picture_3_240.jpg,picture_4_240.jpg
240,profile_picture_240.jpg,picture_1_241.jpg,picture_2_241.jpg,picture_3_241.jpg,picture_4_241.jpg
241,profile_picture_241.jpg,picture_1_242.jpg,picture_2_242.jpg,picture_3_242.jpg,picture_4_242.jpg
242,profile_picture_242.jpg,picture_1_243.jpg,picture_2_243.jpg,picture_3_243.jpg,picture_4_243.jpg
243,profile_picture_243.jpg,picture_1_244.jpg,picture_2_244.jpg,picture_3_244.jpg,picture_4_244.jpg
244,profile_picture_244.jpg,picture_1_245.jpg,picture_2_245.jpg,picture_3_245.jpg,picture_4_245.jpg
245,profile_picture_245.jpg,picture_1_246.jpg,picture_2_246.jpg,picture_3_246.jpg,picture_4_246.jpg
246,profile_picture_246.jpg,picture_1_247.jpg,picture_2_247.jpg,picture_3_247.jpg,picture_4_247.jpg
247,profile_picture_247.jpg,picture_1_248.jpg,picture_2_248.jpg,picture_3_248.jpg,picture_4_248.jpg
248,profile_picture_248.jpg,picture_1_249.jpg,picture_2_249.jpg,picture_3_249.jpg,picture_4_249.jpg
249,profile_picture_249.jpg,picture_1_250.jpg,picture_2_250.jpg,picture_3_250.jpg,picture_4_250.jpg
250,profile_picture_250.jpg,picture_1_251.jpg,picture_2_251.jpg,picture_3_251.jpg,picture_4_251.jpg
251,profile_picture_251.jpg,picture_1_252.jpg,picture_2_252.jpg,picture_3_252.jpg,picture_4_252.jpg
252,profile_picture_252.jpg,picture_1_253.jpg,picture_2_253.jpg,picture_3_253.jpg,picture_4_253.jpg
253,profile_picture_253.jpg,picture_1_254.jpg,picture_2_254.jpg,picture_3_254.jpg,picture_4_254.jpg
254,profile_picture_254.jpg,picture_1_255.jpg,picture_2_255.jpg,picture_3_255.jpg,picture_4_255.jpg
255,profile_picture_255.jpg,picture_1_256.jpg,picture_2_256.jpg,picture_3_256.jpg,picture_4_256.jpg
256,profile_picture_256.jpg,picture_1_257.jpg,picture_2_257.jpg,picture_3_257.jpg,picture_4_257.jpg
257,profile_picture_257.jpg,picture_1_258.jpg,picture_2_258.jpg,picture_3_258.jpg,picture_4_258.jpg
258,profile_picture_258.jpg,picture_1_259.jpg,picture_2_259.jpg,picture_3_259.jpg,picture_4_259.jpg
259,profile_picture_259.jpg,picture_1_260.jpg,picture_2_260.jpg,picture_3_260.jpg,picture_4_260.jpg
260,profile_picture_260.jpg,picture_1_261.jpg,picture_2_261.jpg,picture_3_261.jpg,picture_4_261.jpg
261,profile_picture_261.jpg,picture_1_262.jpg,picture_2_262.jpg,picture_3_262.jpg,picture_4_262.jpg
262,profile_picture_262.jpg,picture_1_263.jpg,picture_2_263.jpg,picture_3_263.jpg,picture_4_263.jpg
263,profile_picture_263.jpg,picture_1_264.jpg,picture_2_264.jpg,picture_3_264.jpg,picture_4_264.jpg
264,profile_picture_264.jpg,picture_1_265.jpg,picture_2_265.jpg,picture_3_265.jpg,picture_4_265.jpg
265,profile_picture_265.jpg,picture_1_266.jpg,picture_2_266.jpg,picture_3_266.jpg,picture_4_266.jpg
266,profile_picture_266.jpg,picture_1_267.jpg,picture_2_267.jpg,picture_3_267.jpg,picture_4_267.jpg
267,profile_picture_267.jpg,picture_1_268.jpg,picture_2_268.jpg,picture_3_268.jpg,picture_4_268.jpg
268,profile_picture_268.jpg,picture_1_269.jpg,picture_2_269.jpg,picture_3_269.jpg,picture_4_269.jpg
269,profile_picture_269.jpg,picture_1_270.jpg,picture_2_270.jpg,picture_3_270.jpg,picture_4_270.jpg
270,profile_picture_270.jpg,picture_1_271.jpg,picture_2_271.jpg,picture_3_271.jpg,picture_4_271.jpg
271,profile_picture_271.jpg,picture_1_272.jpg,picture_2_272.jpg,picture_3_272.jpg,picture_4_272.jpg
272,profile_picture_272.jpg,picture_1_273.jpg,picture_2_273.jpg,picture_3_273.jpg,picture_4_273.jpg
273,profile_picture_273.jpg,picture_1_274.jpg,picture_2_274.jpg,picture_3_274.jpg,picture_4_274.jpg
274,profile_picture_274.jpg,picture_1_275.jpg,picture_2_275.jpg,picture_3_275.jpg,picture_4_275.jpg
275,profile_picture_275.jpg,picture_1_276.jpg,picture_2_276.jpg,picture_3_276.jpg,picture_4_276.jpg
276,profile_picture_276.jpg,picture_1_277.jpg,picture_2_277.jpg,picture_3_277.jpg,picture_4_277.jpg
277,profile_picture_277.jpg,picture_1_278.jpg,picture_2_278.jpg,picture_3_278.jpg,picture_4_278.jpg
278,profile_picture_278.jpg,picture_1_279.jpg,picture_2_279.jpg,picture_3_279.jpg,picture_4_279.jpg
279,profile_picture_279.jpg,picture_1_280.jpg,picture_2_280.jpg,picture_3_280.jpg,picture_4_280.jpg
280,profile_picture_280.jpg,picture_1_281.jpg,picture_2_281.jpg,picture_3_281.jpg,picture_4_281.jpg
281,profile_picture_281.jpg,picture_1_282.jpg,picture_2_282.jpg,picture_3_282.jpg,picture_4_282.jpg
282,profile_picture_282.jpg,picture_1_283.jpg,picture_2_283.jpg,picture_3_283.jpg,picture_4_283.jpg
283,profile_picture_283.jpg,picture_1_284.jpg,picture_2_284.jpg,picture_3_284.jpg,picture_4_284.jpg
284,profile_picture_284.jpg,picture_1_285.jpg,picture_2_285.jpg,picture_3_285.jpg,picture_4_285.jpg
285,profile_picture_285.jpg,picture_1_286.jpg,picture_2_286.jpg,picture_3_286.jpg,picture_4_286.jpg
286,profile_picture_286.jpg,picture_1_287.jpg,picture_2_287.jpg,picture_3_287.jpg,picture_4_287.jpg
287,profile_picture_287.jpg,picture_1_288.jpg,picture_2_288.jpg,picture_3_288.jpg,picture_4_288.jpg
288,profile_picture_288.jpg,picture_1_289.jpg,picture_2_289.jpg,picture_3_289.jpg,picture_4_289.jpg
289,profile_picture_289.jpg,picture_1_290.jpg,picture_2_290.jpg,picture_3_290.jpg,picture_4_290.jpg
290,profile_picture_290.jpg,picture_1_291.jpg,picture_2_291.jpg,picture_3_291.jpg,picture_4_291.jpg
291,profile_picture_291.jpg,picture_1_292.jpg,picture_2_292.jpg,picture_3_292.jpg,picture_4_292.jpg
292,profile_picture_292.jpg,picture_1_293.jpg,picture_2_293.jpg,picture_3_293.jpg,picture_4_293.jpg
293,profile_picture_293.jpg,picture_1_294.jpg,picture_2_294.jpg,picture_3_294.jpg,picture_4_294.jpg
294,profile_picture_294.jpg,picture_1_295.jpg,picture_2_295.jpg,picture_3_295.jpg,picture_4_295.jpg
295,profile_picture_295.jpg,picture_1_296.jpg,picture_2_296.jpg,picture_3_296.jpg,picture_4_296.jpg
296,profile_picture_296.jpg,picture_1_297.jpg,picture_2_297.jpg,picture_3_297.jpg,picture_4_297.jpg
297,profile_picture_297.jpg,picture_1_298.jpg,picture_2_298.jpg,picture_3_298.jpg,picture_4_298.jpg
298,profile_picture_298.jpg,picture_1_299.jpg,picture_2_299.jpg,picture_3_299.jpg,picture_4_299.jpg
299,profile_picture_299.jpg,picture_1_300.jpg,picture_2_300.jpg,picture_3_300.jpg,picture_4_300.jpg
300,profile_picture_300.jpg,picture_1_301.jpg,picture_2_301.jpg,picture_3_301.jpg,picture_4_301.jpg
301,profile_picture_301.jpg,picture_1_302.jpg,picture_2_302.jpg,picture_3_302.jpg,picture_4_302.jpg
302,profile_picture_302.jpg,picture_1_303.jpg,picture_2_303.jpg,picture_3_303.jpg,picture_4_303.jpg
303,profile_picture_303.jpg,picture_1_304.jpg,picture_2_304.jpg,picture_3_304.jpg,picture_4_304.jpg
304,profile_picture_304.jpg,picture_1_305.jpg,picture_2_305.jpg,picture_3_305.jpg,picture_4_305.jpg
305,profile_picture_305.jpg,picture_1_306.jpg,picture_2_306.jpg,picture_3_306.jpg,picture_4_306.jpg
306,profile_picture_306.jpg,picture_1_307.jpg,picture_2_307.jpg,picture_3_307.jpg,picture_4_307.jpg
307,profile_picture_307.jpg,picture_1_308.jpg,picture_2_308.jpg,picture_3_308.jpg,picture_4_308.jpg
308,profile_picture_308.jpg,picture_1_309.jpg,picture_2_309.jpg,picture_3_309.jpg,picture_4_309.jpg
309,profile_picture_309.jpg,picture_1_310.jpg,picture_2_310.jpg,picture_3_310.jpg,picture_4_310.jpg
310,profile_picture_310.jpg,picture_1_311.jpg,picture_2_311.jpg,picture_3_311.jpg,picture_4_311.jpg
311,profile_picture_311.jpg,picture_1_312.jpg,picture_2_312.jpg,picture_3_312.jpg,picture_4_312.jpg
312,profile_picture_312.jpg,picture_1_313.jpg,picture_2_313.jpg,picture_3_313.jpg,picture_4_313.jpg
313,profile_picture_313.jpg,picture_1_314.jpg,picture_2_314.jpg,picture_3_314.jpg,picture_4_314.jpg
314,profile_picture_314.jpg,picture_1_315.jpg,picture_2_315.jpg,picture_3_315.jpg,picture_4_315.jpg
315,profile_picture_315.jpg,picture_1_316.jpg,picture_2_316.jpg,picture_3_316.jpg,picture_4_316.jpg
316,profile_picture_316.jpg,picture_1_317.jpg,picture_2_317.jpg,picture_3_317.jpg,picture_4_317.jpg
317,profile_picture_317.jpg,picture_1_318.jpg,picture_2_318.jpg,picture_3_318.jpg,picture_4_318.jpg
318,profile_picture_318.jpg,picture_1_319.jpg,picture_2_319.jpg,picture_3_319.jpg,picture_4_319.jpg
319,profile_picture_319.jpg,picture_1_320.jpg,picture_2_320.jpg,picture_3_320.jpg,picture_4_320.jpg
320,profile_picture_320.jpg,picture_1_321.jpg,picture_2_321.jpg,picture_3_321.jpg,picture_4_321.jpg
321,profile_picture_321.jpg,picture_1_322.jpg,picture_2_322.jpg,picture_3_322.jpg,picture_4_322.jpg
322,profile_picture_322.jpg,picture_1_323.jpg,picture_2_323.jpg,picture_3_323.jpg,picture_4_323.jpg
323,profile_picture_323.jpg,picture_1_324.jpg,picture_2_324.jpg,picture_3_324.jpg,picture_4_324.jpg
324,profile_picture_324.jpg,picture_1_325.jpg,picture_2_325.jpg,picture_3_325.jpg,picture_4_325.jpg
325,profile_picture_325.jpg,picture_1_326.jpg,picture_2_326.jpg,picture_3_326.jpg,picture_4_326.jpg
326,profile_picture_326.jpg,picture_1_327.jpg,picture_2_327.jpg,picture_3_327.jpg,picture_4_327.jpg
327,profile_picture_327.jpg,picture_1_328.jpg,picture_2_328.jpg,picture_3_328.jpg,picture_4_328.jpg
328,profile_picture_328.jpg,picture_1_329.jpg,picture_2_329.jpg,picture_3_329.jpg,picture_4_329.jpg
329,profile_picture_329.jpg,picture_1_330.jpg,picture_2_330.jpg,picture_3_330.jpg,picture_4_330.jpg
330,profile_picture_330.jpg,picture_1_331.jpg,picture_2_331.jpg,picture_3_331.jpg,picture_4_331.jpg
331,profile_picture_331.jpg,picture_1_332.jpg,picture_2_332.jpg,picture_3_332.jpg,picture_4_332.jpg
332,profile_picture_332.jpg,picture_1_333.jpg,picture_2_333.jpg,picture_3_333.jpg,picture_4_333.jpg
333,profile_picture_333.jpg,picture_1_334.jpg,picture_2_334.jpg,picture_3_334.jpg,picture_4_334.jpg
334,profile_picture_334.jpg,picture_1_335.jpg,picture_2_335.jpg,picture_3_335.jpg,picture_4_335.jpg
335,profile_picture_335.jpg,picture_1_336.jpg,picture_2_336.jpg,picture_3_336.jpg,picture_4_336.jpg
336,profile_picture_336.jpg,picture_1_337.jpg,picture_2_337.jpg,picture_3_337.jpg,picture_4_337.jpg
337,profile_picture_337.jpg,picture_1_338.jpg,picture_2_338.jpg,picture_3_338.jpg,picture_4_338.jpg
338,profile_picture_338.jpg,picture_1_339.jpg,picture_2_339.jpg,picture_3_339.jpg,picture_4_339.jpg
339,profile_picture_339.jpg,picture_1_340.jpg,picture_2_340.jpg,picture_3_340.jpg,picture_4_340.jpg
340,profile_picture_340.jpg,picture_1_341.jpg,picture_2_341.jpg,picture_3_341.jpg,picture_4_341.jpg
341,profile_picture_341.jpg,picture_1_342.jpg,picture_2_342.jpg,picture_3_342.jpg,picture_4_342.jpg
342,profile_picture_342.jpg,picture_1_343.jpg,picture_2_343.jpg,picture_3_343.jpg,picture_4_343.jpg
343,profile_picture_343.jpg,picture_1_344.jpg,picture_2_344.jpg,picture_3_344.jpg,picture_4_344.jpg
344,profile_picture_344.jpg,picture_1_345.jpg,picture_2_345.jpg,picture_3_345.jpg,picture_4_345.jpg
345,profile_picture_345.jpg,picture_1_346.jpg,picture_2_346.jpg,picture_3_346.jpg,picture_4_346.jpg
346,profile_picture_346.jpg,picture_1_347.jpg,picture_2_347.jpg,picture_3_347.jpg,picture_4_347.jpg
347,profile_picture_347.jpg,picture_1_348.jpg,picture_2_348.jpg,picture_3_348.jpg,picture_4_348.jpg
348,profile_picture_348.jpg,picture_1_349.jpg,picture_2_349.jpg,picture_3_349.jpg,picture_4_349.jpg
349,profile_picture_349.jpg,picture_1_350.jpg,picture_2_350.jpg,picture_3_350.jpg,picture_4_350.jpg
350,profile_picture_350.jpg,picture_1_351.jpg,picture_2_351.jpg,picture_3_351.jpg,picture_4_351.jpg
351,profile_picture_351.jpg,picture_1_352.jpg,picture_2_352.jpg,picture_3_352.jpg,picture_4_352.jpg
352,profile_picture_352.jpg,picture_1_353.jpg,picture_2_353.jpg,picture_3_353.jpg,picture_4_353.jpg
353,profile_picture_353.jpg,picture_1_354.jpg,picture_2_354.jpg,picture_3_354.jpg,picture_4_354.jpg
354,profile_picture_354.jpg,picture_1_355.jpg,picture_2_355.jpg,picture_3_355.jpg,picture_4_355.jpg
355,profile_picture_355.jpg,picture_1_356.jpg,picture_2_356.jpg,picture_3_356.jpg,picture_4_356.jpg
356,profile_picture_356.jpg,picture_1_357.jpg,picture_2_357.jpg,picture_3_357.jpg,picture_4_357.jpg
357,profile_picture_357.jpg,picture_1_358.jpg,picture_2_358.jpg,picture_3_358.jpg,picture_4_358.jpg
358,profile_picture_358.jpg,picture_1_359.jpg,picture_2_359.jpg,picture_3_359.jpg,picture_4_359.jpg
359,profile_picture_359.jpg,picture_1_360.jpg,picture_2_360.jpg,picture_3_360.jpg,picture_4_360.jpg
360,profile_picture_360.jpg,picture_1_361.jpg,picture_2_361.jpg,picture_3_361.jpg,picture_4_361.jpg
361,profile_picture_361.jpg,picture_1_362.jpg,picture_2_362.jpg,picture_3_362.jpg,picture_4_362.jpg
362,profile_picture_362.jpg,picture_1_363.jpg,picture_2_363.jpg,picture_3_363.jpg,picture_4_363.jpg
363,profile_picture_363.jpg,picture_1_364.jpg,picture_2_364.jpg,picture_3_364.jpg,picture_4_364.jpg
364,profile_picture_364.jpg,picture_1_365.jpg,picture_2_365.jpg,picture_3_365.jpg,picture_4_365.jpg
365,profile_picture_365.jpg,picture_1_366.jpg,picture_2_366.jpg,picture_3_366.jpg,picture_4_366.jpg
366,profile_picture_366.jpg,picture_1_367.jpg,picture_2_367.jpg,picture_3_367.jpg,picture_4_367.jpg
367,profile_picture_367.jpg,picture_1_368.jpg,picture_2_368.jpg,picture_3_368.jpg,picture_4_368.jpg
368,profile_picture_368.jpg,picture_1_369.jpg,picture_2_369.jpg,picture_3_369.jpg,picture_4_369.jpg
369,profile_picture_369.jpg,picture_1_370.jpg,picture_2_370.jpg,picture_3_370.jpg,picture_4_370.jpg
370,profile_picture_370.jpg,picture_1_371.jpg,picture_2_371.jpg,picture_3_371.jpg,picture_4_371.jpg
371,profile_picture_371.jpg,picture_1_372.jpg,picture_2_372.jpg,picture_3_372.jpg,picture_4_372.jpg
372,profile_picture_372.jpg,picture_1_373.jpg,picture_2_373.jpg,picture_3_373.jpg,picture_4_373.jpg
373,profile_picture_373.jpg,picture_1_374.jpg,picture_2_374.jpg,picture_3_374.jpg,picture_4_374.jpg
374,profile_picture_374.jpg,picture_1_375.jpg,picture_2_375.jpg,picture_3_375.jpg,picture_4_375.jpg
375,profile_picture_375.jpg,picture_1_376.jpg,picture_2_376.jpg,picture_3_376.jpg,picture_4_376.jpg
376,profile_picture_376.jpg,picture_1_377.jpg,picture_2_377.jpg,picture_3_377.jpg,picture_4_377.jpg
377,profile_picture_377.jpg,picture_1_378.jpg,picture_2_378.jpg,picture_3_378.jpg,picture_4_378.jpg
378,profile_picture_378.jpg,picture_1_379.jpg,picture_2_379.jpg,picture_3_379.jpg,picture_4_379.jpg
379,profile_picture_379.jpg,picture_1_380.jpg,picture_2_380.jpg,picture_3_380.jpg,picture_4_380.jpg
380,profile_picture_380.jpg,picture_1_381.jpg,picture_2_381.jpg,picture_3_381.jpg,picture_4_381.jpg
381,profile_picture_381.jpg,picture_1_382.jpg,picture_2_382.jpg,picture_3_382.jpg,picture_4_382.jpg
382,profile_picture_382.jpg,picture_1_383.jpg,picture_2_383.jpg,picture_3_383.jpg,picture_4_383.jpg
383,profile_picture_383.jpg,picture_1_384.jpg,picture_2_384.jpg,picture_3_384.jpg,picture_4_384.jpg
384,profile_picture_384.jpg,picture_1_385.jpg,picture_2_385.jpg,picture_3_385.jpg,picture_4_385.jpg
385,profile_picture_385.jpg,picture_1_386.jpg,picture_2_386.jpg,picture_3_386.jpg,picture_4_386.jpg
386,profile_picture_386.jpg,picture_1_387.jpg,picture_2_387.jpg,picture_3_387.jpg,picture_4_387.jpg
387,profile_picture_387.jpg,picture_1_388.jpg,picture_2_388.jpg,picture_3_388.jpg,picture_4_388.jpg
388,profile_picture_388.jpg,picture_1_389.jpg,picture_2_389.jpg,picture_3_389.jpg,picture_4_389.jpg
389,profile_picture_389.jpg,picture_1_390.jpg,picture_2_390.jpg,picture_3_390.jpg,picture_4_390.jpg
390,profile_picture_390.jpg,picture_1_391.jpg,picture_2_391.jpg,picture_3_391.jpg,picture_4_391.jpg
391,profile_picture_391.jpg,picture_1_392.jpg,picture_2_392.jpg,picture_3_392.jpg,picture_4_392.jpg
392,profile_picture_392.jpg,picture_1_393.jpg,picture_2_393.jpg,picture_3_393.jpg,picture_4_393.jpg
393,profile_picture_393.jpg,picture_1_394.jpg,picture_2_394.jpg,picture_3_394.jpg,picture_4_394.jpg
394,profile_picture_394.jpg,picture_1_395.jpg,picture_2_395.jpg,picture_3_395.jpg,picture_4_395.jpg
395,profile_picture_395.jpg,picture_1_396.jpg,picture_2_396.jpg,picture_3_396.jpg,picture_4_396.jpg
396,profile_picture_396.jpg,picture_1_397.jpg,picture_2_397.jpg,picture_3_397.jpg,picture_4_397.jpg
397,profile_picture_397.jpg,picture_1_398.jpg,picture_2_398.jpg,picture_3_398.jpg,picture_4_398.jpg
398,profile_picture_398.jpg,picture_1_399.jpg,picture_2_399.jpg,picture_3_399.jpg,picture_4_399.jpg
399,profile_picture_399.jpg,picture_1_400.jpg,picture_2_400.jpg,picture_3_400.jpg,picture_4_400.jpg
400,profile_picture_400.jpg,picture_1_401.jpg,picture_2_401.jpg,picture_3_401.jpg,picture_4_401.jpg
401,profile_picture_401.jpg,picture_1_402.jpg,picture_2_402.jpg,picture_3_402.jpg,picture_4_402.jpg
402,profile_picture_402.jpg,picture_1_403.jpg,picture_2_403.jpg,picture_3_403.jpg,picture_4_403.jpg
403,profile_picture_403.jpg,picture_1_404.jpg,picture_2_404.jpg,picture_3_404.jpg,picture_4_404.jpg
404,profile_picture_404.jpg,picture_1_405.jpg,picture_2_405.jpg,picture_3_405.jpg,picture_4_405.jpg
405,profile_picture_405.jpg,picture_1_406.jpg,picture_2_406.jpg,picture_3_406.jpg,picture_4_406.jpg
406,profile_picture_406.jpg,picture_1_407.jpg,picture_2_407.jpg,picture_3_407.jpg,picture_4_407.jpg
407,profile_picture_407.jpg,picture_1_408.jpg,picture_2_408.jpg,picture_3_408.jpg,picture_4_408.jpg
408,profile_picture_408.jpg,picture_1_409.jpg,picture_2_409.jpg,picture_3_409.jpg,picture_4_409.jpg
409,profile_picture_409.jpg,picture_1_410.jpg,picture_2_410.jpg,picture_3_410.jpg,picture_4_410.jpg
410,profile_picture_410.jpg,picture_1_411.jpg,picture_2_411.jpg,picture_3_411.jpg,picture_4_411.jpg
411,profile_picture_411.jpg,picture_1_412.jpg,picture_2_412.jpg,picture_3_412.jpg,picture_4_412.jpg
412,profile_picture_412.jpg,picture_1_413.jpg,picture_2_413.jpg,picture_3_413.jpg,picture_4_413.jpg
413,profile_picture_413.jpg,picture_1_414.jpg,picture_2_414.jpg,picture_3_414.jpg,picture_4_414.jpg
414,profile_picture_414.jpg,picture_1_415.jpg,picture_2_415.jpg,picture_3_415.jpg,picture_4_415.jpg
415,profile_picture_415.jpg,picture_1_416.jpg,picture_2_416.jpg,picture_3_416.jpg,picture_4_416.jpg
416,profile_picture_416.jpg,picture_1_417.jpg,picture_2_417.jpg,picture_3_417.jpg,picture_4_417.jpg
417,profile_picture_417.jpg,picture_1_418.jpg,picture_2_418.jpg,picture_3_418.jpg,picture_4_418.jpg
418,profile_picture_418.jpg,picture_1_419.jpg,picture_2_419.jpg,picture_3_419.jpg,picture_4_419.jpg
419,profile_picture_419.jpg,picture_1_420.jpg,picture_2_420.jpg,picture_3_420.jpg,picture_4_420.jpg
420,profile_picture_420.jpg,picture_1_421.jpg,picture_2_421.jpg,picture_3_421.jpg,picture_4_421.jpg
421,profile_picture_421.jpg,picture_1_422.jpg,picture_2_422.jpg,picture_3_422.jpg,picture_4_422.jpg
422,profile_picture_422.jpg,picture_1_423.jpg,picture_2_423.jpg,picture_3_423.jpg,picture_4_423.jpg
423,profile_picture_423.jpg,picture_1_424.jpg,picture_2_424.jpg,picture_3_424.jpg,picture_4_424.jpg
424,profile_picture_424.jpg,picture_1_425.jpg,picture_2_425.jpg,picture_3_425.jpg,picture_4_425.jpg
425,profile_picture_425.jpg,picture_1_426.jpg,picture_2_426.jpg,picture_3_426.jpg,picture_4_426.jpg
426,profile_picture_426.jpg,picture_1_427.jpg,picture_2_427.jpg,picture_3_427.jpg,picture_4_427.jpg
427,profile_picture_427.jpg,picture_1_428.jpg,picture_2_428.jpg,picture_3_428.jpg,picture_4_428.jpg
428,profile_picture_428.jpg,picture_1_429.jpg,picture_2_429.jpg,picture_3_429.jpg,picture_4_429.jpg
429,profile_picture_429.jpg,picture_1_430.jpg,picture_2_430.jpg,picture_3_430.jpg,picture_4_430.jpg
430,profile_picture_430.jpg,picture_1_431.jpg,picture_2_431.jpg,picture_3_431.jpg,picture_4_431.jpg
431,profile_picture_431.jpg,picture_1_432.jpg,picture_2_432.jpg,picture_3_432.jpg,picture_4_432.jpg
432,profile_picture_432.jpg,picture_1_433.jpg,picture_2_433.jpg,picture_3_433.jpg,picture_4_433.jpg
433,profile_picture_433.jpg,picture_1_434.jpg,picture_2_434.jpg,picture_3_434.jpg,picture_4_434.jpg
434,profile_picture_434.jpg,picture_1_435.jpg,picture_2_435.jpg,picture_3_435.jpg,picture_4_435.jpg
435,profile_picture_435.jpg,picture_1_436.jpg,picture_2_436.jpg,picture_3_436.jpg,picture_4_436.jpg
436,profile_picture_436.jpg,picture_1_437.jpg,picture_2_437.jpg,picture_3_437.jpg,picture_4_437.jpg
437,profile_picture_437.jpg,picture_1_438.jpg,picture_2_438.jpg,picture_3_438.jpg,picture_4_438.jpg
438,profile_picture_438.jpg,picture_1_439.jpg,picture_2_439.jpg,picture_3_439.jpg,picture_4_439.jpg
439,profile_picture_439.jpg,picture_1_440.jpg,picture_2_440.jpg,picture_3_440.jpg,picture_4_440.jpg
440,profile_picture_440.jpg,picture_1_441.jpg,picture_2_441.jpg,picture_3_441.jpg,picture_4_441.jpg
441,profile_picture_441.jpg,picture_1_442.jpg,picture_2_442.jpg,picture_3_442.jpg,picture_4_442.jpg
442,profile_picture_442.jpg,picture_1_443.jpg,picture_2_443.jpg,picture_3_443.jpg,picture_4_443.jpg
443,profile_picture_443.jpg,picture_1_444.jpg,picture_2_444.jpg,picture_3_444.jpg,picture_4_444.jpg
444,profile_picture_444.jpg,picture_1_445.jpg,picture_2_445.jpg,picture_3_445.jpg,picture_4_445.jpg
445,profile_picture_445.jpg,picture_1_446.jpg,picture_2_446.jpg,picture_3_446.jpg,picture_4_446.jpg
446,profile_picture_446.jpg,picture_1_447.jpg,picture_2_447.jpg,picture_3_447.jpg,picture_4_447.jpg
447,profile_picture_447.jpg,picture_1_448.jpg,picture_2_448.jpg,picture_3_448.jpg,picture_4_448.jpg
448,profile_picture_448.jpg,picture_1_449.jpg,picture_2_449.jpg,picture_3_449.jpg,picture_4_449.jpg
449,profile_picture_449.jpg,picture_1_450.jpg,picture_2_450.jpg,picture_3_450.jpg,picture_4_450.jpg
450,profile_picture_450.jpg,picture_1_451.jpg,picture_2_451.jpg,picture_3_451.jpg,picture_4_451.jpg
451,profile_picture_451.jpg,picture_1_452.jpg,picture_2_452.jpg,picture_3_452.jpg,picture_4_452.jpg
452,profile_picture_452.jpg,picture_1_453.jpg,picture_2_453.jpg,picture_3_453.jpg,picture_4_453.jpg
453,profile_picture_453.jpg,picture_1_454.jpg,picture_2_454.jpg,picture_3_454.jpg,picture_4_454.jpg
454,profile_picture_454.jpg,picture_1_455.jpg,picture_2_455.jpg,picture_3_455.jpg,picture_4_455.jpg
455,profile_picture_455.jpg,picture_1_456.jpg,picture_2_456.jpg,picture_3_456.jpg,picture_4_456.jpg
456,profile_picture_456.jpg,picture_1_457.jpg,picture_2_457.jpg,picture_3_457.jpg,picture_4_457.jpg
457,profile_picture_457.jpg,picture_1_458.jpg,picture_2_458.jpg,picture_3_458.jpg,picture_4_458.jpg
458,profile_picture_458.jpg,picture_1_459.jpg,picture_2_459.jpg,picture_3_459.jpg,picture_4_459.jpg
459,profile_picture_459.jpg,picture_1_460.jpg,picture_2_460.jpg,picture_3_460.jpg,picture_4_460.jpg
460,profile_picture_460.jpg,picture_1_461.jpg,picture_2_461.jpg,picture_3_461.jpg,picture_4_461.jpg
461,profile_picture_461.jpg,picture_1_462.jpg,picture_2_462.jpg,picture_3_462.jpg,picture_4_462.jpg
462,profile_picture_462.jpg,picture_1_463.jpg,picture_2_463.jpg,picture_3_463.jpg,picture_4_463.jpg
463,profile_picture_463.jpg,picture_1_464.jpg,picture_2_464.jpg,picture_3_464.jpg,picture_4_464.jpg
464,profile_picture_464.jpg,picture_1_465.jpg,picture_2_465.jpg,picture_3_465.jpg,picture_4_465.jpg
465,profile_picture_465.jpg,picture_1_466.jpg,picture_2_466.jpg,picture_3_466.jpg,picture_4_466.jpg
466,profile_picture_466.jpg,picture_1_467.jpg,picture_2_467.jpg,picture_3_467.jpg,picture_4_467.jpg
467,profile_picture_467.jpg,picture_1_468.jpg,picture_2_468.jpg,picture_3_468.jpg,picture_4_468.jpg
468,profile_picture_468.jpg,picture_1_469.jpg,picture_2_469.jpg,picture_3_469.jpg,picture_4_469.jpg
469,profile_picture_469.jpg,picture_1_470.jpg,picture_2_470.jpg,picture_3_470.jpg,picture_4_470.jpg
470,profile_picture_470.jpg,picture_1_471.jpg,picture_2_471.jpg,picture_3_471.jpg,picture_4_471.jpg
471,profile_picture_471.jpg,picture_1_472.jpg,picture_2_472.jpg,picture_3_472.jpg,picture_4_472.jpg
472,profile_picture_472.jpg,picture_1_473.jpg,picture_2_473.jpg,picture_3_473.jpg,picture_4_473.jpg
473,profile_picture_473.jpg,picture_1_474.jpg,picture_2_474.jpg,picture_3_474.jpg,picture_4_474.jpg
474,profile_picture_474.jpg,picture_1_475.jpg,picture_2_475.jpg,picture_3_475.jpg,picture_4_475.jpg
475,profile_picture_475.jpg,picture_1_476.jpg,picture_2_476.jpg,picture_3_476.jpg,picture_4_476.jpg
476,profile_picture_476.jpg,picture_1_477.jpg,picture_2_477.jpg,picture_3_477.jpg,picture_4_477.jpg
477,profile_picture_477.jpg,picture_1_478.jpg,picture_2_478.jpg,picture_3_478.jpg,picture_4_478.jpg
478,profile_picture_478.jpg,picture_1_479.jpg,picture_2_479.jpg,picture_3_479.jpg,picture_4_479.jpg
479,profile_picture_479.jpg,picture_1_480.jpg,picture_2_480.jpg,picture_3_480.jpg,picture_4_480.jpg
480,profile_picture_480.jpg,picture_1_481.jpg,picture_2_481.jpg,picture_3_481.jpg,picture_4_481.jpg
481,profile_picture_481.jpg,picture_1_482.jpg,picture_2_482.jpg,picture_3_482.jpg,picture_4_482.jpg
482,profile_picture_482.jpg,picture_1_483.jpg,picture_2_483.jpg,picture_3_483.jpg,picture_4_483.jpg
483,profile_picture_483.jpg,picture_1_484.jpg,picture_2_484.jpg,picture_3_484.jpg,picture_4_484.jpg
484,profile_picture_484.jpg,picture_1_485.jpg,picture_2_485.jpg,picture_3_485.jpg,picture_4_485.jpg
485,profile_picture_485.jpg,picture_1_486.jpg,picture_2_486.jpg,picture_3_486.jpg,picture_4_486.jpg
486,profile_picture_486.jpg,picture_1_487.jpg,picture_2_487.jpg,picture_3_487.jpg,picture_4_487.jpg
487,profile_picture_487.jpg,picture_1_488.jpg,picture_2_488.jpg,picture_3_488.jpg,picture_4_488.jpg
488,profile_picture_488.jpg,picture_1_489.jpg,picture_2_489.jpg,picture_3_489.jpg,picture_4_489.jpg
489,profile_picture_489.jpg,picture_1_490.jpg,picture_2_490.jpg,picture_3_490.jpg,picture_4_490.jpg
490,profile_picture_490.jpg,picture_1_491.jpg,picture_2_491.jpg,picture_3_491.jpg,picture_4_491.jpg
491,profile_picture_491.jpg,picture_1_492.jpg,picture_2_492.jpg,picture_3_492.jpg,picture_4_492.jpg
492,profile_picture_492.jpg,picture_1_493.jpg,picture_2_493.jpg,picture_3_493.jpg,picture_4_493.jpg
493,profile_picture_493.jpg,picture_1_494.jpg,picture_2_494.jpg,picture_3_494.jpg,picture_4_494.jpg
494,profile_picture_494.jpg,picture_1_495.jpg,picture_2_495.jpg,picture_3_495.jpg,picture_4_495.jpg
495,profile_picture_495.jpg,picture_1_496.jpg,picture_2_496.jpg,picture_3_496.jpg,picture_4_496.jpg
496,profile_picture_496.jpg,picture_1_497.jpg,picture_2_497.jpg,picture_3_497.jpg,picture_4_497.jpg
497,profile_picture_497.jpg,picture_1_498.jpg,picture_2_498.jpg,picture_3_498.jpg,picture_4_498.jpg
498,profile_picture_498.jpg,picture_1_499.jpg,picture_2_499.jpg,picture_3_499.jpg,picture_4_499.jpg
499,profile_picture_499.jpg,picture_1_500.jpg,picture_2_500.jpg,picture_3_500.jpg,picture_4_500.jpg
500,profile_picture_500.jpg,picture_1_501.jpg,picture_2_501.jpg,picture_3_501.jpg,picture_4_501.jpg