user_id,gender,sexual_preference,biography,latitude,longitude,city,birthdate
1,FEMALE,HOMOSEXUAL,Sport perhaps debate. Huge certainly whatever. Hard general simple avoid color teacher research nothing.,48.8566,2.3522,Paris,1990-03-15 00:00:00.000000
2,FEMALE,BISEXUAL,Federal machine drug statement commercial finish. Picture the star scientist. Deal enough treat whom everybody.,48.8589,2.3469,Paris,1985-07-22 00:00:00.000000
3,FEMALE,HOMOSEXUAL,Stock weight especially care.,48.8534,2.3488,Paris,1992-11-30 00:00:00.000000
4,FEMALE,BISEXUAL,Likely coach party including specific only service. Song service computer. Attention big meeting task couple fear many.,48.8591,2.3573,Paris,1988-04-17 00:00:00.000000
5,MALE,HOMOSEXUAL,Wife idea in very baby senior. Learn force material market pull.,48.8495,2.3438,Paris,1993-09-28 00:00:00.000000
6,FEMALE,HETEROSEXUAL,Thank open any movement claim perhaps citizen. We particularly join bed seek. Television answer recent forward option.,43.2965,5.3698,Marseille,1988-09-04 00:00:00.000000
7,FEMALE,HETEROSEXUAL,About political work arm. Kitchen without property join I until study.,43.2951,5.3707,Marseille,1995-01-18 00:00:00.000000
8,FEMALE,HETEROSEXUAL,Today popular man good election rich. How apply require receive song both north wall.,43.2932,5.3689,Marseille,1987-06-25 00:00:00.000000
9,FEMALE,BISEXUAL,Theory audience hope long. Degree site generation benefit with.,43.2883,5.3731,Marseille,1991-12-03 00:00:00.000000
10,FEMALE,HOMOSEXUAL,Young herself environment same year. Note more article. Close allow call remember.,43.3037,5.3723,Marseille,1986-03-14 00:00:00.000000
11,MALE,HOMOSEXUAL,Base somebody each use gas product. Down piece section identify say close understand.,45.764,4.8357,Lyon,1993-04-12 00:00:00.000000
12,FEMALE,HOMOSEXUAL,Her scientist newspaper thousand coach economic. Two full table part radio tough sing.,45.7578,4.832,Lyon,1989-08-29 00:00:00.000000
13,FEMALE,HETEROSEXUAL,Western where through second middle soldier continue capital. Run keep assume word stop again degree least. Inside visit wife become style least around.,45.7689,4.8343,Lyon,1991-12-07 00:00:00.000000
14,FEMALE,HOMOSEXUAL,Usually get difference heart environmental. Miss other economic way pressure mouth.,45.7712,4.8384,Lyon,1987-05-20 00:00:00.000000
15,FEMALE,BISEXUAL,News machine change. Common together former mother fight pick. Similar four structure although.,45.7623,4.8298,Lyon,1994-10-31 00:00:00.000000
16,FEMALE,HETEROSEXUAL,Boy sister know term decision keep should. Design common grow may senior technology sense.,43.6043,1.4437,Toulouse,1986-05-14 00:00:00.000000
17,MALE,BISEXUAL,Affect race challenge.,43.6102,1.4456,Toulouse,1994-02-28 00:00:00.000000
18,MALE,HETEROSEXUAL,On wear mouth sit treat health theory new. Well personal large act range a.,43.6007,1.4442,Toulouse,1990-10-09 00:00:00.000000
19,FEMALE,HETEROSEXUAL,Risk your hold popular. Discussion major recently take. Physical when laugh candidate direction receive great.,43.6145,1.4483,Toulouse,1988-07-16 00:00:00.000000
20,MALE,HOMOSEXUAL,Modern garden cold beat feeling. Herself measure behind notice difficult pretty speak.,43.5984,1.4398,Toulouse,1992-01-23 00:00:00.000000
21,FEMALE,HOMOSEXUAL,Yard Democrat Congress she region time friend. Individual next car meet tend.,43.7102,7.262,Nice,1987-07-31 00:00:00.000000
22,MALE,BISEXUAL,Site manage why character different lawyer of. Account drug story something individual today. Race on idea interesting it nothing.,43.7032,7.2661,Nice,1992-03-25 00:00:00.000000
23,FEMALE,HETEROSEXUAL,Prepare with office reach small though. Off mission gas media admit.,43.7156,7.2587,Nice,1989-11-16 00:00:00.000000
24,FEMALE,HOMOSEXUAL,Machine wall trade together defense kid tree. Program agree popular mission.,43.7084,7.2545,Nice,1993-06-08 00:00:00.000000
25,FEMALE,BISEXUAL,Technology grow chair well arrive nor. Artist pick day himself to. Let get likely bring miss position.,43.7198,7.2673,Nice,1985-09-19 00:00:00.000000
26,FEMALE,HETEROSEXUAL,Whose onto floor answer authority pattern. Employee outside for open. Might case son individual certainly join reach.,47.2184,-1.5536,Nantes,1994-06-08 00:00:00.000000
27,MALE,HETEROSEXUAL,Why production military near economic west already. His believe Republican receive impact against.,47.2131,-1.5569,Nantes,1986-09-21 00:00:00.000000
28,MALE,HETEROSEXUAL,Believe particular PM read message here other. Fire either do mean one. Method tree painting against guess agency discussion civil.,47.2221,-1.5523,Nantes,1991-01-13 00:00:00.000000
29,MALE,BISEXUAL,Level understand crime myself side task but during.,47.2167,-1.5492,Nantes,1988-12-04 00:00:00.000000
30,MALE,HOMOSEXUAL,Spend little somebody. Them per include each.,47.2245,-1.5587,Nantes,1993-04-27 00:00:00.000000
31,FEMALE,BISEXUAL,Hard always who add most. Say tax tend treatment response.,48.5734,7.7521,Strasbourg,1988-12-04 00:00:00.000000
32,MALE,HETEROSEXUAL,Card lot one art. Executive defense movement outside detail road give. Share remain today another bit tax continue.,48.5789,7.7484,Strasbourg,1993-08-17 00:00:00.000000
33,MALE,BISEXUAL,Other all about trip order risk test. Scientist certain suggest scene drug. Poor blood traditional doctor must push against local.,48.5698,7.7543,Strasbourg,1985-04-30 00:00:00.000000
34,MALE,BISEXUAL,Opportunity day international pull wish position walk clear. Now tend author argue provide occur.,48.5823,7.7512,Strasbourg,1990-11-12 00:00:00.000000
35,FEMALE,HETEROSEXUAL,Large thousand store maintain impact she interview. Positive international score contain protect.,48.5756,7.7467,Strasbourg,1987-02-25 00:00:00.000000
36,MALE,BISEXUAL,What toward rich under. Father pull son people security same. Look woman coach measure. Close tree huge body table thought.,44.8378,0.5792,Bordeaux,1990-07-26 00:00:00.000000
37,MALE,HOMOSEXUAL,Want crime hot until nearly better. Meet indeed available truth occur chair fill attack.,44.8404,0.5805,Bordeaux,1987-02-11 00:00:00.000000
38,MALE,HETEROSEXUAL,Whether night time main able indicate. Away nearly seat door letter friend college.,44.8333,0.5767,Bordeaux,1995-05-23 00:00:00.000000
39,MALE,HOMOSEXUAL,Buy short success show. Name contain police house thousand.,44.8456,0.5834,Bordeaux,1989-10-15 00:00:00.000000
40,FEMALE,HOMOSEXUAL,Professional quality seek move TV. Meet politics take way positive. Beyond fall me deep candidate begin themselves.,44.8289,0.5745,Bordeaux,1992-08-07 00:00:00.000000
41,FEMALE,BISEXUAL,Off build fly need save low age. Change seat popular.,47.3167,-1.5534,Nantes,1986-01-29 00:00:00.000000
42,FEMALE,HETEROSEXUAL,Agent cup majority worry. Level few dinner everything recent. Happen upon middle land perform remember none buy.,47.3215,-1.5578,Nantes,1991-07-14 00:00:00.000000
43,FEMALE,HETEROSEXUAL,Investment however discuss perform foot. Forward public least economy.,47.3089,-1.5512,Nantes,1988-03-06 00:00:00.000000
44,MALE,HETEROSEXUAL,Financial alone receive among.,47.3198,-1.5545,Nantes,1993-12-18 00:00:00.000000
45,MALE,HOMOSEXUAL,Discuss at laugh organization few ahead. Rich fast process. Task you government after beautiful into. Opportunity must girl.,47.3134,-1.5567,Nantes,1987-09-09 00:00:00.000000
46,MALE,HETEROSEXUAL,Month task process. Sort too assume nation. Federal do worry data management pressure.,43.6078,3.879,Montpellier,1990-04-21 00:00:00.000000
47,FEMALE,BISEXUAL,Indicate above myself billion. Security account pretty participant everything. Sense week available. Power increase air role particular clearly tough.,43.6112,3.8767,Montpellier,1985-11-03 00:00:00.000000
48,MALE,HOMOSEXUAL,Describe husband author door himself bed group. Foot local age free see police international.,43.6045,3.8812,Montpellier,1992-06-15 00:00:00.000000
49,MALE,HETEROSEXUAL,Whose always best series kitchen man. Land hear represent.,43.6156,3.8834,Montpellier,1988-01-27 00:00:00.000000
50,FEMALE,HETEROSEXUAL,Week hair sing like. Be animal low career tell answer control standard.,43.6023,3.8778,Montpellier,1994-08-10 00:00:00.000000
51,MALE,BISEXUAL,Defense mind there choose guess thousand indicate. Stand view lawyer mean improve north stay.,47.2183,6.0219,Besançon,1987-12-22 00:00:00.000000
52,MALE,HOMOSEXUAL,To everyone music sure future activity dog. Future until west high change ten. During spring technology suffer couple light.,47.2156,6.0245,Besançon,1991-05-04 00:00:00.000000
53,FEMALE,HOMOSEXUAL,Travel type various again. Energy purpose group bad focus different well turn.,47.2212,6.0187,Besançon,1989-02-16 00:00:00.000000
54,FEMALE,HETEROSEXUAL,Important suggest wife back them. Current great mouth suffer concern reflect.,47.2134,6.0278,Besançon,1993-09-28 00:00:00.000000
55,FEMALE,HETEROSEXUAL,Director move smile mouth. Role health box require very. Learn age present deal of night. Phone officer left commercial give cup explain.,47.2245,6.0156,Besançon,1986-07-11 00:00:00.000000
56,FEMALE,HOMOSEXUAL,Can whatever sure term finally key too. Author important approach attack.,49.4944,0.1079,Le Havre,1990-10-23 00:00:00.000000
57,FEMALE,HOMOSEXUAL,Relationship customer will employee yet present little. Over development skill argue that.,49.4978,0.1045,Le Havre,1988-04-05 00:00:00.000000
58,MALE,BISEXUAL,Assume car trip size. Toward long so goal could. Table simply ask thousand soldier visit open.,49.4912,0.1112,Le Havre,1992-01-17 00:00:00.000000
59,MALE,BISEXUAL,Knowledge decision direction author set threat current. Look very cup teach make true.,49.5001,0.1023,Le Havre,1985-08-30 00:00:00.000000
60,MALE,BISEXUAL,History few let call. Explain will town rather. Reveal direction manage nearly.,49.4889,0.1134,Le Havre,1994-03-12 00:00:00.000000
61,MALE,HETEROSEXUAL,Parent far day remember example. Trial yourself evening wife simply research long north. Economic over when. Fact red many give tree century ok.,45.4397,4.3872,Saint-Étienne,1987-11-24 00:00:00.000000
62,FEMALE,HETEROSEXUAL,Gun care truth radio ready buy. Manage itself another author total food several. Black worry medical learn successful impact.,45.4423,4.3845,Saint-Étienne,1991-06-06 00:00:00.000000
63,FEMALE,HOMOSEXUAL,Imagine among myself. Thus suddenly so according try. Family present issue past.,45.4378,4.3901,Saint-Étienne,1989-01-18 00:00:00.000000
64,FEMALE,BISEXUAL,Pull own community fight whom arrive. Maintain heavy site wear sense guess. Late book town like local lose dinner.,45.4445,4.3823,Saint-Étienne,1993-08-31 00:00:00.000000
65,MALE,BISEXUAL,Should take drive prevent several form newspaper. Strategy suffer determine summer indicate politics foot.,45.4356,4.3923,Saint-Étienne,1986-04-13 00:00:00.000000
66,MALE,BISEXUAL,Inside treat fine partner ahead. Per sound score watch cold up. You forget instead must improve he course.,49.2578,4.0317,Reims,1990-09-25 00:00:00.000000
67,FEMALE,HETEROSEXUAL,Without move green item mission outside explain. Girl full a quite. Move space early time care.,49.2601,4.0289,Reims,1988-02-07 00:00:00.000000
68,FEMALE,HETEROSEXUAL,Tough tend couple make social on walk house. Technology lose smile main stand prevent. General she best conference.,49.2545,4.0345,Reims,1992-07-20 00:00:00.000000
69,FEMALE,BISEXUAL,Standard write very role start over movie nothing.,49.2634,4.0267,Reims,1985-12-02 00:00:00.000000
70,FEMALE,BISEXUAL,Crime door experience collection page military window. Maybe ground age pretty box notice employee.,49.2512,4.0378,Reims,1994-05-14 00:00:00.000000
71,MALE,HOMOSEXUAL,Success team quality think will. Writer suffer positive.,47.4734,-0.5518,Angers,1987-10-26 00:00:00.000000
72,FEMALE,BISEXUAL,Week hold life within probably. Forget bank prove suggest give.,47.4767,-0.5545,Angers,1991-03-08 00:00:00.000000
73,MALE,BISEXUAL,Cause way middle him single father. Behind magazine management also chair allow life. Reality service same four bed hundred.,47.4701,-0.5489,Angers,1989-08-21 00:00:00.000000
74,FEMALE,HOMOSEXUAL,Matter article for have act.,47.4789,-0.5567,Angers,1993-01-03 00:00:00.000000
75,FEMALE,HOMOSEXUAL,Turn identify develop instead effort. Beautiful year worry thousand.,47.4678,-0.5456,Angers,1986-06-15 00:00:00.000000
76,FEMALE,HETEROSEXUAL,Seven something budget until. Ten way close possible case.,49.9134,2.2775,Amiens,1990-11-27 00:00:00.000000
77,FEMALE,HETEROSEXUAL,Important important wind. Listen word fly wife former. Well water father court today.,49.9167,2.2748,Amiens,1988-04-09 00:00:00.000000
78,MALE,BISEXUAL,Over ball by low simply traditional like bag. Wide country impact walk draw even front. Thus address never approach anyone.,49.9101,2.2803,Amiens,1992-09-22 00:00:00.000000
79,MALE,BISEXUAL,Agree sport story generation natural test read.,49.9189,2.2726,Amiens,1985-02-04 00:00:00.000000
80,MALE,HOMOSEXUAL,Couple discuss also really someone. Help especially method news pay baby seek. Table improve leader national candidate. Suddenly forward way well around kind prove stock.,49.9078,2.2831,Amiens,1994-07-16 00:00:00.000000
81,MALE,BISEXUAL,Their here plant large for space machine. Reveal our local see commercial. Light add staff fall.,45.1789,5.7245,Grenoble,1987-12-28 00:00:00.000000
82,MALE,HETEROSEXUAL,Run various no difference provide.,45.1823,5.7212,Grenoble,1991-05-10 00:00:00.000000
83,MALE,HOMOSEXUAL,Bag adult ability cell response. Leave to garden. Range room so whole in candidate. Site energy hospital.,45.1756,5.7278,Grenoble,1989-10-23 00:00:00.000000
84,MALE,HOMOSEXUAL,Hear assume dinner might best stuff different. Expert under year say. Middle product heavy size.,45.1845,5.7189,Grenoble,1993-03-05 00:00:00.000000
85,MALE,HOMOSEXUAL,Boy property Congress people discover nor cup issue. Performance career half wind.,45.1734,5.7301,Grenoble,1986-08-17 00:00:00.000000
86,FEMALE,HOMOSEXUAL,Exactly well election. Between even night each interest entire store. Responsibility officer by station himself.,47.9167,1.9,Orléans,1990-01-29 00:00:00.000000
87,MALE,HOMOSEXUAL,Station high beautiful light physical financial determine week. Discuss quite issue drive lot.,47.9189,1.8967,Orléans,1988-06-11 00:00:00.000000
88,MALE,BISEXUAL,Experience idea claim as. Budget face seek social form. List final least institution tax garden our subject.,47.9145,1.9034,Orléans,1992-11-24 00:00:00.000000
89,MALE,HOMOSEXUAL,Western film audience yet remain vote would. Leave later investment perhaps knowledge leave key. Account room land cover nature.,47.9212,1.8945,Orléans,1985-04-06 00:00:00.000000
90,MALE,HOMOSEXUAL,Like stuff ball knowledge must often sometimes well. Goal much such box star.,47.9123,1.9056,Orléans,1994-09-18 00:00:00.000000
91,FEMALE,HETEROSEXUAL,Generation attack thank item. Couple share far group. System staff pattern.,43.8345,4.3601,Nîmes,1987-02-28 00:00:00.000000
92,MALE,HETEROSEXUAL,Protect important just two. Contain sister anything poor. Mission try summer clearly plant sense.,43.8378,4.3567,Nîmes,1991-07-13 00:00:00.000000
93,MALE,BISEXUAL,Pull discover structure nor note side. Maybe turn several case process. Table determine require population.,43.8312,4.3634,Nîmes,1989-12-25 00:00:00.000000
94,FEMALE,HOMOSEXUAL,Much identify artist determine. Risk sell least adult. Kitchen spring doctor natural quite fight agent radio. Skill road community onto professional listen.,43.8401,4.3545,Nîmes,1993-05-07 00:00:00.000000
95,MALE,HETEROSEXUAL,Think return common campaign imagine who election. Born rest official summer tree. Son impact paper compare Mrs civil. Pass skin get should become hit officer.,43.8289,4.3656,Nîmes,1986-10-19 00:00:00.000000
96,FEMALE,BISEXUAL,Member his start per again front. Drive effect on score government race PM.,49.2578,4.0317,Reims,1990-03-31 00:00:00.000000
97,FEMALE,HETEROSEXUAL,Serve story camera animal through scientist. Radio also maintain high less.,49.2601,4.0289,Reims,1988-08-13 00:00:00.000000
98,FEMALE,BISEXUAL,Though eye claim politics course. Determine red year onto so collection throughout moment.,49.2545,4.0345,Reims,1992-01-25 00:00:00.000000
99,MALE,HETEROSEXUAL,Against agency type difficult edge per red. Must character summer PM. Sense though role night fish.,49.2634,4.0267,Reims,1985-06-07 00:00:00.000000
100,FEMALE,HETEROSEXUAL,Anyone than hour although arrive night build. Gun them hot also conference.,49.2512,4.0378,Reims,1994-11-19 00:00:00.000000
101,FEMALE,BISEXUAL,News time treat also management five. Board us far apply. Throw however follow fear much nature population.,45.7834,3.0823,Clermont-Ferrand,1987-04-30 00:00:00.000000
102,MALE,BISEXUAL,Agree sometimes easy public another community manager free. Page agent red.,45.7867,3.0789,Clermont-Ferrand,1991-09-12 00:00:00.000000
103,MALE,HOMOSEXUAL,Until per husband site source choose any. Only similar anything crime Mr significant.,45.7801,3.0856,Clermont-Ferrand,1989-02-24 00:00:00.000000
104,MALE,BISEXUAL,Win TV what question practice main experience. Road study around box surface face fly. Buy reach analysis political better. Large trip number model.,45.7889,3.0767,Clermont-Ferrand,1993-07-06 00:00:00.000000
105,MALE,HETEROSEXUAL,Scientist federal lead morning any argue right itself. Executive economy major lose.,45.7778,3.0878,Clermont-Ferrand,1986-12-18 00:00:00.000000
106,MALE,HOMOSEXUAL,Trip mention response be citizen population world. Cold company stage trouble. Key assume prevent herself value edge believe anyone.,43.6245,3.8912,Montpellier,1990-05-20 00:00:00.000000
107,FEMALE,HOMOSEXUAL,Successful growth often gas concern. Culture spend clear land think. Issue expert seat more.,43.6278,3.8878,Montpellier,1988-10-02 00:00:00.000000
108,MALE,HOMOSEXUAL,Around doctor forward set attack yet someone. Rock however nation create piece the.,43.6212,3.8945,Montpellier,1992-03-14 00:00:00.000000
109,MALE,HOMOSEXUAL,Plan major budget rest general. Research partner manager thought road put vote.,43.6301,3.8856,Montpellier,1985-08-26 00:00:00.000000
110,FEMALE,HOMOSEXUAL,Glass fall but sure job. Prevent recent back thousand event support cover. State somebody media necessary.,43.6189,3.8967,Montpellier,1994-01-08 00:00:00.000000
111,FEMALE,HOMOSEXUAL,Move of stock industry. Statement beat nothing data fear protect system. Treatment east film similar.,48.8566,2.3522,Paris,1990-03-15 00:00:00.000000
112,MALE,HOMOSEXUAL,President building city month. Care fish want feeling. Able body yourself during partner cold institution.,48.8589,2.3469,Paris,1985-07-22 00:00:00.000000
113,MALE,HOMOSEXUAL,Story enjoy member run every push year.,48.8534,2.3488,Paris,1992-11-30 00:00:00.000000
114,MALE,BISEXUAL,Against page doctor your. Various number people we. Whom analysis special region movie of remember.,48.8591,2.3573,Paris,1988-04-17 00:00:00.000000
115,FEMALE,BISEXUAL,Billion long back region system hair. Include range door performance something poor. Eight a company result admit out.,48.8495,2.3438,Paris,1993-09-28 00:00:00.000000
116,FEMALE,HOMOSEXUAL,Woman hour recently. Movie relationship yes me.,43.2965,5.3698,Marseille,1988-09-04 00:00:00.000000
117,MALE,BISEXUAL,Service radio protect well. Every as however name.,43.2951,5.3707,Marseille,1995-01-18 00:00:00.000000
118,MALE,HETEROSEXUAL,Attention wall support safe. Next anyone ready ability assume entire walk safe. Popular something those debate reflect per.,43.2932,5.3689,Marseille,1987-06-25 00:00:00.000000
119,MALE,BISEXUAL,Fact environment simply. Majority talk determine region floor girl.,43.2883,5.3731,Marseille,1991-12-03 00:00:00.000000
120,MALE,HETEROSEXUAL,Huge professor close begin option contain walk. Buy economic focus in need well scientist.,43.3037,5.3723,Marseille,1986-03-14 00:00:00.000000
121,MALE,HETEROSEXUAL,Bad true six result also with name old.,45.764,4.8357,Lyon,1993-04-12 00:00:00.000000
122,MALE,BISEXUAL,Buy bank after not light picture defense. Language claim over drug require.,45.7578,4.832,Lyon,1989-08-29 00:00:00.000000
123,MALE,BISEXUAL,Use we site Democrat. Else while against show four behavior effect cut. Direction when really rise recognize program skill.,45.7689,4.8343,Lyon,1991-12-07 00:00:00.000000
124,FEMALE,HETEROSEXUAL,Career around middle teacher money. Participant so provide second mention.,45.7712,4.8384,Lyon,1987-05-20 00:00:00.000000
125,MALE,BISEXUAL,Cold argue student become investment box speak involve. Improve laugh case themselves heavy she culture. Pass receive politics up write.,45.7623,4.8298,Lyon,1994-10-31 00:00:00.000000
126,FEMALE,HOMOSEXUAL,Space kitchen understand mission popular join. Certain evening after mouth. Might science point.,43.6043,1.4437,Toulouse,1986-05-14 00:00:00.000000
127,FEMALE,HETEROSEXUAL,Will officer themselves second figure lead top organization.,43.6102,1.4456,Toulouse,1994-02-28 00:00:00.000000
128,FEMALE,BISEXUAL,Agreement together really interesting movie. Statement person side when space make catch. Everything as include smile son.,43.6007,1.4442,Toulouse,1990-10-09 00:00:00.000000
129,FEMALE,HOMOSEXUAL,Receive role collection his speak democratic. Spring right especially PM.,43.6145,1.4483,Toulouse,1988-07-16 00:00:00.000000
130,MALE,HOMOSEXUAL,Quality agreement blue hit performance sport. Actually agreement hard table than.,43.5984,1.4398,Toulouse,1992-01-23 00:00:00.000000
131,MALE,BISEXUAL,Dinner prevent nation question scene page. Fish Mrs central food memory spring.,43.7102,7.262,Nice,1987-07-31 00:00:00.000000
132,FEMALE,HOMOSEXUAL,Very marriage same present almost oil. Here form offer increase make back although. Fly realize shake attention.,43.7032,7.2661,Nice,1992-03-25 00:00:00.000000
133,FEMALE,HETEROSEXUAL,Safe nothing section serious.,43.7156,7.2587,Nice,1989-11-16 00:00:00.000000
134,FEMALE,BISEXUAL,Begin professional company forward operation trial current boy. Rock whatever health speech art stuff hundred. Gun drug item model pattern option.,43.7084,7.2545,Nice,1993-06-08 00:00:00.000000
135,FEMALE,HETEROSEXUAL,Him itself vote none maintain fire western whose. And bar himself all per. Raise interest place four girl.,43.7198,7.2673,Nice,1985-09-19 00:00:00.000000
136,MALE,HETEROSEXUAL,Performance star seek available officer maybe.,47.2184,-1.5536,Nantes,1994-06-08 00:00:00.000000
137,MALE,BISEXUAL,Parent and of staff them. Sense peace place glass. Enter agreement soldier participant.,47.2131,-1.5569,Nantes,1986-09-21 00:00:00.000000
138,FEMALE,BISEXUAL,Smile today music board. Although oil note civil. Effort shake successful keep.,47.2221,-1.5523,Nantes,1991-01-13 00:00:00.000000
139,FEMALE,HETEROSEXUAL,Pay nothing respond itself free. Major join because suggest maybe. Man career prepare wrong.,47.2167,-1.5492,Nantes,1988-12-04 00:00:00.000000
140,FEMALE,BISEXUAL,Even spend matter scientist movement. Growth stuff know player activity time question.,47.2245,-1.5587,Nantes,1993-04-27 00:00:00.000000
141,MALE,HOMOSEXUAL,Policy would loss film. Produce president adult choose work a. Drop artist of war.,48.5734,7.7521,Strasbourg,1988-12-04 00:00:00.000000
142,FEMALE,HOMOSEXUAL,Edge what statement become everything white spring. Move listen set according east attorney wear. Fill talk crime probably ago.,48.5789,7.7484,Strasbourg,1993-08-17 00:00:00.000000
143,MALE,BISEXUAL,Clear compare growth also when positive. Out allow forward health. Market give agent example attention job.,48.5698,7.7543,Strasbourg,1985-04-30 00:00:00.000000
144,FEMALE,HETEROSEXUAL,Address hot professor owner must each. Bring response worker matter tonight go.,48.5823,7.7512,Strasbourg,1990-11-12 00:00:00.000000
145,FEMALE,BISEXUAL,Their friend actually decade guy yard sure. Without late commercial action. Discussion add catch although.,48.5756,7.7467,Strasbourg,1987-02-25 00:00:00.000000
146,MALE,HOMOSEXUAL,Floor technology some them. Event thought Mr range approach discussion happy option. Might both room couple speech.,44.8378,0.5792,Bordeaux,1990-07-26 00:00:00.000000
147,MALE,HOMOSEXUAL,Week four national bar office result direction. Without oil want matter such. Medical worker listen stay me rest pressure. Toward would until candidate or argue present.,44.8404,0.5805,Bordeaux,1987-02-11 00:00:00.000000
148,MALE,HETEROSEXUAL,Democrat theory cell all. Plan alone general event nation exist.,44.8333,0.5767,Bordeaux,1995-05-23 00:00:00.000000
149,MALE,HOMOSEXUAL,Drop challenge stay development across save. Condition live read hope fast beyond drive ball. Reduce detail compare various per.,44.8456,0.5834,Bordeaux,1989-10-15 00:00:00.000000
150,MALE,HETEROSEXUAL,Food middle chair some appear itself road. Father others eight. Property economy share discuss rule member over.,44.8289,0.5745,Bordeaux,1992-08-07 00:00:00.000000
151,MALE,HOMOSEXUAL,Course sound five. Whom around information large prove. Beat join enter information physical discover.,47.3167,-1.5534,Nantes,1986-01-29 00:00:00.000000
152,FEMALE,HOMOSEXUAL,For financial truth degree. Reason bit truth national star exactly raise.,47.3215,-1.5578,Nantes,1991-07-14 00:00:00.000000
153,MALE,HOMOSEXUAL,Team effort fact. Science adult he allow people common cost reduce.,47.3089,-1.5512,Nantes,1988-03-06 00:00:00.000000
154,FEMALE,HETEROSEXUAL,Throw woman prove against church beat know. Wrong mention goal candidate brother. Impact action program necessary first you all.,47.3198,-1.5545,Nantes,1993-12-18 00:00:00.000000
155,MALE,HETEROSEXUAL,Black real fine security. Realize big appear add environment born.,47.3134,-1.5567,Nantes,1987-09-09 00:00:00.000000
156,MALE,HOMOSEXUAL,Pretty task yard imagine outside site wonder.,43.6078,3.879,Montpellier,1990-04-21 00:00:00.000000
157,FEMALE,BISEXUAL,Or while let stuff within view family. Painting consumer bad agent.,43.6112,3.8767,Montpellier,1985-11-03 00:00:00.000000
158,MALE,HOMOSEXUAL,Bad executive per official.,43.6045,3.8812,Montpellier,1992-06-15 00:00:00.000000
159,MALE,HOMOSEXUAL,Much once beautiful across various official quite. Kitchen friend recognize central.,43.6156,3.8834,Montpellier,1988-01-27 00:00:00.000000
160,MALE,BISEXUAL,Animal detail car ready. Traditional fight material could. Mouth base while good factor old move single.,43.6023,3.8778,Montpellier,1994-08-10 00:00:00.000000
161,MALE,HETEROSEXUAL,Process anyone hotel new now through. Cell arrive federal discussion politics entire.,47.2183,6.0219,Besançon,1987-12-22 00:00:00.000000
162,MALE,HOMOSEXUAL,Stand perhaps action anyone.,47.2156,6.0245,Besançon,1991-05-04 00:00:00.000000
163,MALE,HETEROSEXUAL,Bank sometimes suddenly couple church four. Include purpose not six drive series which.,47.2212,6.0187,Besançon,1989-02-16 00:00:00.000000
164,MALE,HETEROSEXUAL,Budget skill practice. Far oil property someone north far soldier.,47.2134,6.0278,Besançon,1993-09-28 00:00:00.000000
165,MALE,HETEROSEXUAL,Picture way she land of brother. Move to view rest. Partner president response health.,47.2245,6.0156,Besançon,1986-07-11 00:00:00.000000
166,FEMALE,HETEROSEXUAL,Fly seem bed reduce would north high. Save reality season order.,49.4944,0.1079,Le Havre,1990-10-23 00:00:00.000000
167,MALE,BISEXUAL,Dinner onto still those. Little about him participant. Card idea crime entire throughout rather beat side.,49.4978,0.1045,Le Havre,1988-04-05 00:00:00.000000
168,FEMALE,HETEROSEXUAL,Industry smile who simple. May hand law. Important debate establish other on improve.,49.4912,0.1112,Le Havre,1992-01-17 00:00:00.000000
169,FEMALE,HETEROSEXUAL,Almost rise college. Particular would from.,49.5001,0.1023,Le Havre,1985-08-30 00:00:00.000000
170,FEMALE,BISEXUAL,Tv since so. Compare you five southern wide really house. Meet old through any concern which.,49.4889,0.1134,Le Havre,1994-03-12 00:00:00.000000
171,FEMALE,HETEROSEXUAL,Pass arm really newspaper now indeed. Seven prepare right war. Specific until country join whole.,45.4397,4.3872,Saint-Étienne,1987-11-24 00:00:00.000000
172,FEMALE,HETEROSEXUAL,Front floor employee condition. Third major just security cost treat buy religious. Economic million find bed.,45.4423,4.3845,Saint-Étienne,1991-06-06 00:00:00.000000
173,FEMALE,HOMOSEXUAL,Debate road north common none. She order since pressure quality. Home bar image democratic data standard Republican.,45.4378,4.3901,Saint-Étienne,1989-01-18 00:00:00.000000
174,FEMALE,HOMOSEXUAL,Not myself your stay. Result light enjoy market citizen.,45.4445,4.3823,Saint-Étienne,1993-08-31 00:00:00.000000
175,MALE,HETEROSEXUAL,Environment organization investment statement staff catch arrive. Heart forget just. Certainly candidate leave despite.,45.4356,4.3923,Saint-Étienne,1986-04-13 00:00:00.000000
176,MALE,HOMOSEXUAL,Business money machine relationship. Television even change question blood which.,49.2578,4.0317,Reims,1990-09-25 00:00:00.000000
177,FEMALE,HOMOSEXUAL,Occur here need score practice computer. Tree partner central. Find run lose I speech. Foreign social staff suffer audience writer issue.,49.2601,4.0289,Reims,1988-02-07 00:00:00.000000
178,MALE,HOMOSEXUAL,Population song bad alone law. Cost blue per organization whether its.,49.2545,4.0345,Reims,1992-07-20 00:00:00.000000
179,FEMALE,HETEROSEXUAL,Exactly coach center chance time. Recognize likely vote.,49.2634,4.0267,Reims,1985-12-02 00:00:00.000000
180,MALE,HETEROSEXUAL,Law party mouth product response girl. Tend bank production happen product measure relate. Week role hour especially particularly type establish.,49.2512,4.0378,Reims,1994-05-14 00:00:00.000000
181,MALE,BISEXUAL,Different painting service true service. Painting whose set.,47.4734,-0.5518,Angers,1987-10-26 00:00:00.000000
182,FEMALE,HOMOSEXUAL,Report enter certainly admit hospital. Suddenly size tell ground rather include unit. Sign actually sort enter then mention.,47.4767,-0.5545,Angers,1991-03-08 00:00:00.000000
183,FEMALE,HETEROSEXUAL,Last mean later. Nothing education budget write. Huge game manager head him focus.,47.4701,-0.5489,Angers,1989-08-21 00:00:00.000000
184,MALE,HOMOSEXUAL,Your sign never national natural.,47.4789,-0.5567,Angers,1993-01-03 00:00:00.000000
185,MALE,HOMOSEXUAL,Ask new always media. Range entire each price. Foot popular effect seem.,47.4678,-0.5456,Angers,1986-06-15 00:00:00.000000
186,FEMALE,HETEROSEXUAL,Character agency certainly particularly seek street. Question through own when. Face trouble blood bring record mouth fall.,49.9134,2.2775,Amiens,1990-11-27 00:00:00.000000
187,FEMALE,HOMOSEXUAL,Fund mouth as already force. Feel southern around require program western quickly best.,49.9167,2.2748,Amiens,1988-04-09 00:00:00.000000
188,FEMALE,HETEROSEXUAL,Free compare toward responsibility share wish. Big tell while treatment star born near. Later challenge enjoy approach actually tax human.,49.9101,2.2803,Amiens,1992-09-22 00:00:00.000000
189,MALE,BISEXUAL,Hand page bring six assume time rich. Notice order reflect north suggest everyone study. Day worker about issue whole.,49.9189,2.2726,Amiens,1985-02-04 00:00:00.000000
190,MALE,BISEXUAL,Speech single article present want.,49.9078,2.2831,Amiens,1994-07-16 00:00:00.000000
191,FEMALE,BISEXUAL,Particularly others early answer. Attorney do scientist go eat. Act yard fund floor moment table trial.,45.1789,5.7245,Grenoble,1987-12-28 00:00:00.000000
192,FEMALE,BISEXUAL,Care standard color politics same. Room social by staff reality.,45.1823,5.7212,Grenoble,1991-05-10 00:00:00.000000
193,FEMALE,HOMOSEXUAL,Remember community guy. Eight create accept American write out. Big each pull practice money poor.,45.1756,5.7278,Grenoble,1989-10-23 00:00:00.000000
194,FEMALE,HOMOSEXUAL,Person try article left practice majority common. Woman right for today.,45.1845,5.7189,Grenoble,1993-03-05 00:00:00.000000
195,FEMALE,BISEXUAL,Decide hand fight if happy. Week cup toward movement century. After commercial must case land involve without nearly. During chance raise student.,45.1734,5.7301,Grenoble,1986-08-17 00:00:00.000000
196,FEMALE,BISEXUAL,Campaign story half measure enter.,47.9167,1.9,Orléans,1990-01-29 00:00:00.000000
197,MALE,HETEROSEXUAL,Teacher task perhaps marriage model debate once body. Enough finally prevent say. At catch ask.,47.9189,1.8967,Orléans,1988-06-11 00:00:00.000000
198,FEMALE,HOMOSEXUAL,Force red night big what mouth it. Suddenly must mother party prepare relate. Culture civil green show.,47.9145,1.9034,Orléans,1992-11-24 00:00:00.000000
199,FEMALE,BISEXUAL,Treatment live hard whom attorney family media near. Seven run else focus mother true who middle.,47.9212,1.8945,Orléans,1985-04-06 00:00:00.000000
200,FEMALE,BISEXUAL,Commercial within positive health where since head. Similar chance maybe building stock. Too member sea sea. Action lot their day professor church.,47.9123,1.9056,Orléans,1994-09-18 00:00:00.000000
201,FEMALE,HOMOSEXUAL,Operation state remain whatever. Name southern five defense while discover. Before establish line.,43.8345,4.3601,Nîmes,1987-02-28 00:00:00.000000
202,MALE,BISEXUAL,Seat across claim. Reflect should everything tell we couple. Soon value stand power forget common prove.,43.8378,4.3567,Nîmes,1991-07-13 00:00:00.000000
203,MALE,HETEROSEXUAL,Like government rule practice American condition where. House field likely minute yourself.,43.8312,4.3634,Nîmes,1989-12-25 00:00:00.000000
204,MALE,HOMOSEXUAL,Education need mission public sing. Black if stage. Hotel treatment important marriage property step.,43.8401,4.3545,Nîmes,1993-05-07 00:00:00.000000
205,MALE,BISEXUAL,Parent table beat indeed yes. Good why clear special piece.,43.8289,4.3656,Nîmes,1986-10-19 00:00:00.000000
206,MALE,BISEXUAL,Single stock finish sure want page. Operation century ability window look represent. Protect anyone throw matter. Conference clearly way.,49.2578,4.0317,Reims,1990-03-31 00:00:00.000000
207,MALE,BISEXUAL,Soldier range feel keep tree peace. Official course film degree.,49.2601,4.0289,Reims,1988-08-13 00:00:00.000000
208,MALE,BISEXUAL,Worry pretty whatever leg section might. Professional find population fly unit join.,49.2545,4.0345,Reims,1992-01-25 00:00:00.000000
209,FEMALE,BISEXUAL,Spring continue alone its friend rather former. Some open thought unit. Red lead range. Lot story soon anyone.,49.2634,4.0267,Reims,1985-06-07 00:00:00.000000
210,MALE,BISEXUAL,Law well program scientist page. Market modern simply gas outside role.,49.2512,4.0378,Reims,1994-11-19 00:00:00.000000
211,MALE,BISEXUAL,Rate such true note. Still form play still. Former food behind minute evidence value.,45.7834,3.0823,Clermont-Ferrand,1987-04-30 00:00:00.000000
212,FEMALE,BISEXUAL,Idea city offer certainly role push art sense. Ok hospital real maybe every study site house. Fire begin manager create why.,45.7867,3.0789,Clermont-Ferrand,1991-09-12 00:00:00.000000
213,MALE,HOMOSEXUAL,Total well act book. Hair town public however.,45.7801,3.0856,Clermont-Ferrand,1989-02-24 00:00:00.000000
214,FEMALE,BISEXUAL,Study church find wonder result. Moment chair seat color.,45.7889,3.0767,Clermont-Ferrand,1993-07-06 00:00:00.000000
215,FEMALE,HETEROSEXUAL,Fall between piece Republican five mission according hundred.,45.7778,3.0878,Clermont-Ferrand,1986-12-18 00:00:00.000000
216,MALE,HETEROSEXUAL,Every kind local business Mrs. About international school quality would probably ask trouble.,43.6245,3.8912,Montpellier,1990-05-20 00:00:00.000000
217,FEMALE,HOMOSEXUAL,Various order leader product. Person price thought statement little phone their.,43.6278,3.8878,Montpellier,1988-10-02 00:00:00.000000
218,MALE,HOMOSEXUAL,Civil if administration hospital. While brother few space act.,43.6212,3.8945,Montpellier,1992-03-14 00:00:00.000000
219,MALE,HOMOSEXUAL,Early land order. Pm site television end.,43.6301,3.8856,Montpellier,1985-08-26 00:00:00.000000
220,FEMALE,HETEROSEXUAL,Itself threat design lay positive job.,43.6189,3.8967,Montpellier,1994-01-08 00:00:00.000000
221,MALE,HETEROSEXUAL,Factor sure clear. Score back pay value ten fall increase. Million quite give choose ready speech smile lot.,48.8566,2.3522,Paris,1990-03-15 00:00:00.000000
222,FEMALE,HETEROSEXUAL,Morning face marriage center word quality. Seven question loss whose watch. More worker follow back majority occur record field.,48.8589,2.3469,Paris,1985-07-22 00:00:00.000000
223,FEMALE,HOMOSEXUAL,Less production turn authority pass receive. Evening different oil all.,48.8534,2.3488,Paris,1992-11-30 00:00:00.000000
224,FEMALE,HETEROSEXUAL,Bad interest own guy contain best. Last church wind with body nature. Drug science buy late. Require car deep.,48.8591,2.3573,Paris,1988-04-17 00:00:00.000000
225,MALE,HETEROSEXUAL,Play question major benefit increase drop both run. Able near more road whose big.,48.8495,2.3438,Paris,1993-09-28 00:00:00.000000
226,MALE,HOMOSEXUAL,Subject task throw all. Total our detail show hot case.,43.2965,5.3698,Marseille,1988-09-04 00:00:00.000000
227,MALE,BISEXUAL,Tell beautiful reality truth that ready line. Page not indicate stand prepare street radio.,43.2951,5.3707,Marseille,1995-01-18 00:00:00.000000
228,MALE,BISEXUAL,Try into television. Security general true read.,43.2932,5.3689,Marseille,1987-06-25 00:00:00.000000
229,MALE,HETEROSEXUAL,Technology mean direction relationship. Wish tree serve surface offer consider. Education return position figure state authority turn.,43.2883,5.3731,Marseille,1991-12-03 00:00:00.000000
230,FEMALE,HETEROSEXUAL,Many stop follow thank begin office. Assume body forget. Out chance president spend hospital camera one writer.,43.3037,5.3723,Marseille,1986-03-14 00:00:00.000000
231,MALE,HOMOSEXUAL,Suggest subject during throughout. Positive project western general step side. Game administration think sing trade.,45.764,4.8357,Lyon,1993-04-12 00:00:00.000000
232,MALE,BISEXUAL,Turn someone music.,45.7578,4.832,Lyon,1989-08-29 00:00:00.000000
233,FEMALE,HOMOSEXUAL,Ready parent worker boy. Address within fear agent.,45.7689,4.8343,Lyon,1991-12-07 00:00:00.000000
234,FEMALE,HOMOSEXUAL,Soldier occur right forget. A accept program seem. Mention prove hundred he hospital.,45.7712,4.8384,Lyon,1987-05-20 00:00:00.000000
235,FEMALE,BISEXUAL,Rate mother of wait bill. Design prove professor serve total million.,45.7623,4.8298,Lyon,1994-10-31 00:00:00.000000
236,MALE,HETEROSEXUAL,Join themselves month other although matter. Report it arrive president still guess writer. Stop goal since eat health.,43.6043,1.4437,Toulouse,1986-05-14 00:00:00.000000
237,MALE,HOMOSEXUAL,World much type country. Official kitchen son some.,43.6102,1.4456,Toulouse,1994-02-28 00:00:00.000000
238,MALE,HETEROSEXUAL,Bank as close big address fine employee talk. Alone rock his minute goal strategy pick. Perhaps else we close loss stuff.,43.6007,1.4442,Toulouse,1990-10-09 00:00:00.000000
239,MALE,HETEROSEXUAL,Animal piece sister these. To rather race level affect build able. Well hard dream cell.,43.6145,1.4483,Toulouse,1988-07-16 00:00:00.000000
240,MALE,HETEROSEXUAL,Just year run rise effort suffer feel people.,43.5984,1.4398,Toulouse,1992-01-23 00:00:00.000000
241,FEMALE,BISEXUAL,Tonight might read mean paper firm federal.,43.7102,7.262,Nice,1987-07-31 00:00:00.000000
242,FEMALE,BISEXUAL,Old skin national well foreign loss. Involve forward space discuss nothing. Among friend happy adult quickly hope agreement.,43.7032,7.2661,Nice,1992-03-25 00:00:00.000000
243,MALE,HOMOSEXUAL,Material outside character month business positive. Surface industry body window speak continue. Two office material standard.,43.7156,7.2587,Nice,1989-11-16 00:00:00.000000
244,MALE,BISEXUAL,Including low glass example. They author I seven bed hospital somebody. Past from policy about company.,43.7084,7.2545,Nice,1993-06-08 00:00:00.000000
245,MALE,HETEROSEXUAL,Measure less term base defense finish. Especially street leave late about forget.,43.7198,7.2673,Nice,1985-09-19 00:00:00.000000
246,FEMALE,BISEXUAL,Sing upon however per water provide. Any relate early win teacher baby continue. Already after free often rather.,47.2184,-1.5536,Nantes,1994-06-08 00:00:00.000000
247,FEMALE,HETEROSEXUAL,Involve voice true police. Figure present too pretty decide short.,47.2131,-1.5569,Nantes,1986-09-21 00:00:00.000000
248,MALE,BISEXUAL,Recent stand stock leave. According against thought hospital sort decision.,47.2221,-1.5523,Nantes,1991-01-13 00:00:00.000000
249,MALE,HOMOSEXUAL,Ground build outside three usually doctor. Source statement goal.,47.2167,-1.5492,Nantes,1988-12-04 00:00:00.000000
250,FEMALE,HOMOSEXUAL,Increase example particular share PM describe nation. Treatment forget yard customer any.,47.2245,-1.5587,Nantes,1993-04-27 00:00:00.000000
251,FEMALE,HETEROSEXUAL,Data eight special wide minute sister.,48.5734,7.7521,Strasbourg,1988-12-04 00:00:00.000000
252,FEMALE,HETEROSEXUAL,Result growth town event others tend can. Sound full single still.,48.5789,7.7484,Strasbourg,1993-08-17 00:00:00.000000
253,MALE,HETEROSEXUAL,Statement especially accept key carry gas. Newspaper single eat old country.,48.5698,7.7543,Strasbourg,1985-04-30 00:00:00.000000
254,MALE,HOMOSEXUAL,Group parent win.,48.5823,7.7512,Strasbourg,1990-11-12 00:00:00.000000
255,MALE,HETEROSEXUAL,Campaign line cold both its sure reason. At blood check. Play million water source money keep little.,48.5756,7.7467,Strasbourg,1987-02-25 00:00:00.000000
256,FEMALE,HOMOSEXUAL,Blood fight able usually nothing. Campaign might daughter military adult prove available.,44.8378,0.5792,Bordeaux,1990-07-26 00:00:00.000000
257,MALE,BISEXUAL,Dinner watch ready TV.,44.8404,0.5805,Bordeaux,1987-02-11 00:00:00.000000
258,MALE,HETEROSEXUAL,Agree who rule speak.,44.8333,0.5767,Bordeaux,1995-05-23 00:00:00.000000
259,FEMALE,BISEXUAL,Property without but number president range model consumer.,44.8456,0.5834,Bordeaux,1989-10-15 00:00:00.000000
260,FEMALE,BISEXUAL,My film author throughout final. Draw traditional create likely address fight gun thought. Thank individual whose young building after side.,44.8289,0.5745,Bordeaux,1992-08-07 00:00:00.000000
261,FEMALE,HOMOSEXUAL,Mention sit sing edge example everybody. Claim daughter site me rise address. Remain beat where.,47.3167,-1.5534,Nantes,1986-01-29 00:00:00.000000
262,MALE,HETEROSEXUAL,Red beyond list be. Next build wear ability health budget. Question decision military other church case view.,47.3215,-1.5578,Nantes,1991-07-14 00:00:00.000000
263,MALE,HOMOSEXUAL,Away station recognize moment lot lawyer ball. Order poor set coach that economic. Over entire may budget easy.,47.3089,-1.5512,Nantes,1988-03-06 00:00:00.000000
264,MALE,HETEROSEXUAL,Brother compare best wife notice decade Democrat. Relate threat gas determine.,47.3198,-1.5545,Nantes,1993-12-18 00:00:00.000000
265,FEMALE,HOMOSEXUAL,Fight mother beat tough firm. Sort write nothing form interview population capital. Responsibility event year guy lawyer because brother avoid.,47.3134,-1.5567,Nantes,1987-09-09 00:00:00.000000
266,FEMALE,HOMOSEXUAL,Group issue detail network. Receive today simply best seek soon. Pressure nearly strategy throughout society about that. College both case.,43.6078,3.879,Montpellier,1990-04-21 00:00:00.000000
267,FEMALE,BISEXUAL,These true probably onto operation. Wind culture create.,43.6112,3.8767,Montpellier,1985-11-03 00:00:00.000000
268,MALE,BISEXUAL,Company care cultural happen agency significant eight. Much use summer how area. Age reality become carry unit.,43.6045,3.8812,Montpellier,1992-06-15 00:00:00.000000
269,FEMALE,BISEXUAL,Statement quickly section. One Democrat four place operation less degree several.,43.6156,3.8834,Montpellier,1988-01-27 00:00:00.000000
270,FEMALE,BISEXUAL,Trouble pretty so again material red color. Away open surface attention involve hotel letter.,43.6023,3.8778,Montpellier,1994-08-10 00:00:00.000000
271,FEMALE,HETEROSEXUAL,Whole here manager wonder PM.,47.2183,6.0219,Besançon,1987-12-22 00:00:00.000000
272,MALE,HETEROSEXUAL,Arm recent third many every sign. Brother chair reality energy American see.,47.2156,6.0245,Besançon,1991-05-04 00:00:00.000000
273,FEMALE,HOMOSEXUAL,Take protect modern simply wait like. Though provide shoulder south voice myself shoulder.,47.2212,6.0187,Besançon,1989-02-16 00:00:00.000000
274,MALE,HETEROSEXUAL,Approach life produce article. Find design yard so world name develop.,47.2134,6.0278,Besançon,1993-09-28 00:00:00.000000
275,FEMALE,BISEXUAL,Recognize usually wind seat by five themselves practice. Agree political area long attack finally.,47.2245,6.0156,Besançon,1986-07-11 00:00:00.000000
276,FEMALE,BISEXUAL,You more fine they show which bit. Meet gas pull movement voice. These discover yard picture now research forget. Sense wish color style again.,49.4944,0.1079,Le Havre,1990-10-23 00:00:00.000000
277,FEMALE,HOMOSEXUAL,Edge thing identify home. Third space head red capital name.,49.4978,0.1045,Le Havre,1988-04-05 00:00:00.000000
278,MALE,BISEXUAL,Pay exist to Mrs score. Part scientist what police subject.,49.4912,0.1112,Le Havre,1992-01-17 00:00:00.000000
279,MALE,HETEROSEXUAL,School little raise little visit. Throw unit a rock. Effect perhaps bed leave with.,49.5001,0.1023,Le Havre,1985-08-30 00:00:00.000000
280,MALE,BISEXUAL,Note two writer ahead president. Result hair along. Range market its because.,49.4889,0.1134,Le Havre,1994-03-12 00:00:00.000000
281,FEMALE,BISEXUAL,Size run it product security security. Market specific mission story vote thus issue thus.,45.4397,4.3872,Saint-Étienne,1987-11-24 00:00:00.000000
282,MALE,HOMOSEXUAL,Reach stand defense success media. Paper lose who around peace last. Street population experience environmental skill.,45.4423,4.3845,Saint-Étienne,1991-06-06 00:00:00.000000
283,FEMALE,HOMOSEXUAL,Window lead series begin. Four book data now.,45.4378,4.3901,Saint-Étienne,1989-01-18 00:00:00.000000
284,MALE,HETEROSEXUAL,Stand since government then cause. Happen finally skin customer painting.,45.4445,4.3823,Saint-Étienne,1993-08-31 00:00:00.000000
285,FEMALE,HETEROSEXUAL,Later indeed close floor yet. Deep pick take director real yes.,45.4356,4.3923,Saint-Étienne,1986-04-13 00:00:00.000000
286,MALE,HETEROSEXUAL,Watch way why bed minute. Full threat try single always. Weight ability brother bank people morning.,49.2578,4.0317,Reims,1990-09-25 00:00:00.000000
287,MALE,HOMOSEXUAL,Street computer movie. For away quite fly candidate. Treatment movement notice wear understand. Truth party kind too million expect benefit third.,49.2601,4.0289,Reims,1988-02-07 00:00:00.000000
288,MALE,HETEROSEXUAL,His get treatment energy firm history never play. Name material your others.,49.2545,4.0345,Reims,1992-07-20 00:00:00.000000
289,FEMALE,HETEROSEXUAL,Perhaps describe happen environmental piece degree nearly. Body test everything help crime now everything. Safe girl scene growth. Apply economy south voice paper today.,49.2634,4.0267,Reims,1985-12-02 00:00:00.000000
290,FEMALE,BISEXUAL,Thank sometimes where. Phone reduce stop.,49.2512,4.0378,Reims,1994-05-14 00:00:00.000000
291,FEMALE,HOMOSEXUAL,Large series collection return professor card make finally. Do force article visit answer position choice wife.,47.4734,-0.5518,Angers,1987-10-26 00:00:00.000000
292,MALE,HETEROSEXUAL,Data today set one authority understand. By population political American out bad indeed. Stuff adult real.,47.4767,-0.5545,Angers,1991-03-08 00:00:00.000000
293,MALE,HOMOSEXUAL,Many even national remain several strong democratic. Difficult standard around growth theory paper.,47.4701,-0.5489,Angers,1989-08-21 00:00:00.000000
294,FEMALE,BISEXUAL,Teach add old action drop. Indeed large week hard. Very make always far ground fire marriage.,47.4789,-0.5567,Angers,1993-01-03 00:00:00.000000
295,MALE,HOMOSEXUAL,His technology mention onto. Seem perform such interview voice state Mr. Talk its pull.,47.4678,-0.5456,Angers,1986-06-15 00:00:00.000000
296,MALE,HETEROSEXUAL,Poor own why ok. Up peace reflect size wish attack stand law.,49.9134,2.2775,Amiens,1990-11-27 00:00:00.000000
297,FEMALE,HOMOSEXUAL,Government resource culture system benefit establish. Accept position item bill may team really. Us challenge left station common.,49.9167,2.2748,Amiens,1988-04-09 00:00:00.000000
298,MALE,BISEXUAL,First model item. Itself administration none response. Only language loss wear young.,49.9101,2.2803,Amiens,1992-09-22 00:00:00.000000
299,FEMALE,HOMOSEXUAL,Card law small executive have statement environment here. Third key quality note explain tend sea. College machine film hit easy note.,49.9189,2.2726,Amiens,1985-02-04 00:00:00.000000
300,MALE,BISEXUAL,Including color reduce offer read mean. Partner industry another high task reveal. Seek range animal note guy.,49.9078,2.2831,Amiens,1994-07-16 00:00:00.000000
301,FEMALE,BISEXUAL,Level manage eight. Wear war run else your. Suffer use least tax early. Foot director administration argue once wait leg health.,45.1789,5.7245,Grenoble,1987-12-28 00:00:00.000000
302,FEMALE,HETEROSEXUAL,Her drive shoulder decide defense occur call. Pressure how what interest likely picture modern. Administration just challenge improve how.,45.1823,5.7212,Grenoble,1991-05-10 00:00:00.000000
303,FEMALE,HETEROSEXUAL,Able prove manage hand. Behavior hit indicate make decision. Control staff themselves marriage.,45.1756,5.7278,Grenoble,1989-10-23 00:00:00.000000
304,FEMALE,HETEROSEXUAL,Risk effort sense economic end smile skill end. Pay national bit choice environmental training social. Child walk research size.,45.1845,5.7189,Grenoble,1993-03-05 00:00:00.000000
305,MALE,HOMOSEXUAL,Walk should behind all make computer. Follow clearly left decade. Lot free represent book more.,45.1734,5.7301,Grenoble,1986-08-17 00:00:00.000000
306,FEMALE,BISEXUAL,Reveal high new. Present lay health tax here. Couple world us explain.,47.9167,1.9,Orléans,1990-01-29 00:00:00.000000
307,MALE,HETEROSEXUAL,When billion everybody now machine next. Cup rise son data myself between. Quality line time shoulder all real.,47.9189,1.8967,Orléans,1988-06-11 00:00:00.000000
308,MALE,HOMOSEXUAL,Difference economic program on.,47.9145,1.9034,Orléans,1992-11-24 00:00:00.000000
309,MALE,HOMOSEXUAL,Usually thank positive military what power than key. Let voice might far quality again argue. Stand language hospital industry make person pass.,47.9212,1.8945,Orléans,1985-04-06 00:00:00.000000
310,FEMALE,HETEROSEXUAL,Year she write capital. Toward home financial feeling well share.,47.9123,1.9056,Orléans,1994-09-18 00:00:00.000000
311,MALE,BISEXUAL,Audience all how determine story no. Scene nation senior service.,43.8345,4.3601,Nîmes,1987-02-28 00:00:00.000000
312,FEMALE,BISEXUAL,Indicate month stage. Page spring before because realize study. Only pull east partner.,43.8378,4.3567,Nîmes,1991-07-13 00:00:00.000000
313,FEMALE,BISEXUAL,Around career serious bag sell. Picture exist especially.,43.8312,4.3634,Nîmes,1989-12-25 00:00:00.000000
314,MALE,BISEXUAL,Attorney tell rate nor card. Opportunity work fast support way cultural capital thousand. Unit show action.,43.8401,4.3545,Nîmes,1993-05-07 00:00:00.000000
315,MALE,HOMOSEXUAL,Make lawyer sound interesting market officer. Effect low likely enjoy run develop former. Art million much recognize.,43.8289,4.3656,Nîmes,1986-10-19 00:00:00.000000
316,FEMALE,BISEXUAL,Side parent voice song trade quality. Practice stop thank task.,49.2578,4.0317,Reims,1990-03-31 00:00:00.000000
317,MALE,HETEROSEXUAL,Price grow with citizen issue action mention. Score blue base wrong.,49.2601,4.0289,Reims,1988-08-13 00:00:00.000000
318,FEMALE,HETEROSEXUAL,Over ok become security increase.,49.2545,4.0345,Reims,1992-01-25 00:00:00.000000
319,FEMALE,HOMOSEXUAL,Those standard design near. Own bill seek necessary somebody movement. Himself before behind place continue.,49.2634,4.0267,Reims,1985-06-07 00:00:00.000000
320,MALE,BISEXUAL,Kind tree response better space on. Across mind bed. Magazine some above staff material.,49.2512,4.0378,Reims,1994-11-19 00:00:00.000000
321,FEMALE,BISEXUAL,Agree image sister let.,45.7834,3.0823,Clermont-Ferrand,1987-04-30 00:00:00.000000
322,MALE,HETEROSEXUAL,He nearly friend enjoy song. Hit recognize machine serve experience fact medical back. Wind carry piece outside.,45.7867,3.0789,Clermont-Ferrand,1991-09-12 00:00:00.000000
323,MALE,BISEXUAL,Coach dark heart lose respond employee student. Single subject remember occur politics half. Often big skin piece quite main.,45.7801,3.0856,Clermont-Ferrand,1989-02-24 00:00:00.000000
324,MALE,HOMOSEXUAL,Sell yet area. Including machine college speak give maybe.,45.7889,3.0767,Clermont-Ferrand,1993-07-06 00:00:00.000000
325,FEMALE,HOMOSEXUAL,Week room race certain now. Identify focus one appear leg really idea very. Stay add trouble watch.,45.7778,3.0878,Clermont-Ferrand,1986-12-18 00:00:00.000000
326,FEMALE,BISEXUAL,Sense international box respond. Media two later data skin. Fish name land however walk would.,43.6245,3.8912,Montpellier,1990-05-20 00:00:00.000000
327,FEMALE,HOMOSEXUAL,Per minute reveal receive. Heavy society nature economic quickly.,43.6278,3.8878,Montpellier,1988-10-02 00:00:00.000000
328,FEMALE,HETEROSEXUAL,In author she themselves pattern into agency. Contain already risk.,43.6212,3.8945,Montpellier,1992-03-14 00:00:00.000000
329,MALE,BISEXUAL,Crime might produce paper center blood. Protect either whatever goal your system important.,43.6301,3.8856,Montpellier,1985-08-26 00:00:00.000000
330,MALE,HETEROSEXUAL,Subject each camera science up newspaper mouth. Talk pretty top focus gun artist.,43.6189,3.8967,Montpellier,1994-01-08 00:00:00.000000
331,FEMALE,HETEROSEXUAL,Simply discover event suggest attorney particularly. Seem garden mouth scientist century away music. Call believe pretty present oil whatever.,48.8566,2.3522,Paris,1990-03-15 00:00:00.000000
332,FEMALE,BISEXUAL,Spring this indeed cause factor. Question manage whom mouth field. Spring man him present need discussion.,48.8589,2.3469,Paris,1985-07-22 00:00:00.000000
333,MALE,HOMOSEXUAL,Magazine keep strategy sea spend allow. Whether fall cultural prevent also particular about. Miss officer event blue themselves front agree.,48.8534,2.3488,Paris,1992-11-30 00:00:00.000000
334,MALE,HETEROSEXUAL,Between product current indicate. Recognize man ok heavy simply month note.,48.8591,2.3573,Paris,1988-04-17 00:00:00.000000
335,FEMALE,BISEXUAL,Office as dark food investment. Budget none outside up.,48.8495,2.3438,Paris,1993-09-28 00:00:00.000000
336,FEMALE,HOMOSEXUAL,Happy room same stand onto. Agency theory state edge above. Another pattern way actually.,43.2965,5.3698,Marseille,1988-09-04 00:00:00.000000
337,MALE,HOMOSEXUAL,Issue likely system really common than. Some for state pull. Explain especially goal arrive success our cell.,43.2951,5.3707,Marseille,1995-01-18 00:00:00.000000
338,MALE,HETEROSEXUAL,May couple forget modern power. Believe base later. Focus charge election soldier want prevent.,43.2932,5.3689,Marseille,1987-06-25 00:00:00.000000
339,MALE,HOMOSEXUAL,Join billion note language. Item doctor first participant Mr practice entire push. Weight up president suggest certainly talk. Decade range compare capital fact.,43.2883,5.3731,Marseille,1991-12-03 00:00:00.000000
340,MALE,HOMOSEXUAL,Fight those very.,43.3037,5.3723,Marseille,1986-03-14 00:00:00.000000
341,FEMALE,HETEROSEXUAL,Phone couple audience discussion woman skin. Respond shoulder the even exactly turn training.,45.764,4.8357,Lyon,1993-04-12 00:00:00.000000
342,FEMALE,HETEROSEXUAL,Piece knowledge phone after already. Above beat direction value political budget way.,45.7578,4.832,Lyon,1989-08-29 00:00:00.000000
343,MALE,HOMOSEXUAL,Say one daughter according. Anything then page body do statement possible. Style none range low day spend.,45.7689,4.8343,Lyon,1991-12-07 00:00:00.000000
344,MALE,HETEROSEXUAL,Group to have meet. Operation travel already need south.,45.7712,4.8384,Lyon,1987-05-20 00:00:00.000000
345,FEMALE,HETEROSEXUAL,Alone still first natural. Team nor wonder never.,45.7623,4.8298,Lyon,1994-10-31 00:00:00.000000
346,MALE,HOMOSEXUAL,Television drug point politics gas.,43.6043,1.4437,Toulouse,1986-05-14 00:00:00.000000
347,FEMALE,BISEXUAL,Win what leader move seem. Use bed southern specific.,43.6102,1.4456,Toulouse,1994-02-28 00:00:00.000000
348,MALE,HOMOSEXUAL,In assume including way little about.,43.6007,1.4442,Toulouse,1990-10-09 00:00:00.000000
349,FEMALE,HOMOSEXUAL,Remember ask force agent. Tough TV floor state. Travel matter yes positive alone around role when.,43.6145,1.4483,Toulouse,1988-07-16 00:00:00.000000
350,MALE,HOMOSEXUAL,Bad explain born cup science.,43.5984,1.4398,Toulouse,1992-01-23 00:00:00.000000
351,FEMALE,HOMOSEXUAL,War listen drop pass while serious me. Trade tough rich audience heart. Scene seek write.,43.7102,7.262,Nice,1987-07-31 00:00:00.000000
352,FEMALE,HOMOSEXUAL,Eye quickly Mrs office write size citizen. Big employee girl yeah. Bed sound cause between idea line.,43.7032,7.2661,Nice,1992-03-25 00:00:00.000000
353,FEMALE,HETEROSEXUAL,Anyone region finish professor. Computer impact bit chance discussion meeting.,43.7156,7.2587,Nice,1989-11-16 00:00:00.000000
354,FEMALE,HETEROSEXUAL,Note role condition allow. But exist smile operation.,43.7084,7.2545,Nice,1993-06-08 00:00:00.000000
355,FEMALE,HOMOSEXUAL,Try road politics leg sometimes discussion news. School stock word write play gun. Dog gas month end poor per born.,43.7198,7.2673,Nice,1985-09-19 00:00:00.000000
356,FEMALE,HETEROSEXUAL,Hope per fly gun argue shake present. Number process campaign finally worry director. Administration expert prepare pay bar even wrong.,47.2184,-1.5536,Nantes,1994-06-08 00:00:00.000000
357,FEMALE,HOMOSEXUAL,Similar quite focus matter town husband. Land conference all school character majority.,47.2131,-1.5569,Nantes,1986-09-21 00:00:00.000000
358,MALE,HOMOSEXUAL,Air nature place analysis apply son. Economic never glass picture more traditional language design. Job director large feel husband.,47.2221,-1.5523,Nantes,1991-01-13 00:00:00.000000
359,MALE,BISEXUAL,Skill party sure character indeed. Care increase account. At always amount method hair discussion.,47.2167,-1.5492,Nantes,1988-12-04 00:00:00.000000
360,FEMALE,BISEXUAL,Finally performance well research really sit. Move bill expect too school note. Here bag when stage nation build analysis soon.,47.2245,-1.5587,Nantes,1993-04-27 00:00:00.000000
361,FEMALE,HETEROSEXUAL,Service out child weight.,48.5734,7.7521,Strasbourg,1988-12-04 00:00:00.000000
362,MALE,BISEXUAL,Real will opportunity evidence. Final especially significant hair who some race. Father low we focus.,48.5789,7.7484,Strasbourg,1993-08-17 00:00:00.000000
363,FEMALE,HETEROSEXUAL,Better seem movie crime home color what know. Up customer big bed name plant. Provide include hair sound.,48.5698,7.7543,Strasbourg,1985-04-30 00:00:00.000000
364,FEMALE,HOMOSEXUAL,Turn over sport federal. Care somebody day both service test.,48.5823,7.7512,Strasbourg,1990-11-12 00:00:00.000000
365,MALE,BISEXUAL,Total under law ten seem finally. Hit short game throughout. Three job store debate.,48.5756,7.7467,Strasbourg,1987-02-25 00:00:00.000000
366,MALE,HOMOSEXUAL,Less nearly receive college. Environment establish standard father cup. Only one exist notice seat resource. Assume such discover as great education science.,44.8378,0.5792,Bordeaux,1990-07-26 00:00:00.000000
367,MALE,HETEROSEXUAL,True experience gun example career personal. Perform get relationship learn black get whom.,44.8404,0.5805,Bordeaux,1987-02-11 00:00:00.000000
368,FEMALE,BISEXUAL,Fish few trouble contain keep knowledge key involve. Become all natural one pretty after fire identify. Foreign seek kid and decide serve.,44.8333,0.5767,Bordeaux,1995-05-23 00:00:00.000000
369,MALE,HOMOSEXUAL,Include summer western phone. Go value item color describe discuss.,44.8456,0.5834,Bordeaux,1989-10-15 00:00:00.000000
370,MALE,BISEXUAL,Former probably toward whole. Poor then summer pattern success everyone also.,44.8289,0.5745,Bordeaux,1992-08-07 00:00:00.000000
371,FEMALE,BISEXUAL,Think game wish money build. Morning director doctor federal middle although her. Believe culture build.,47.3167,-1.5534,Nantes,1986-01-29 00:00:00.000000
372,MALE,HETEROSEXUAL,Appear animal lose day thing song. Peace full sea say give usually teach.,47.3215,-1.5578,Nantes,1991-07-14 00:00:00.000000
373,FEMALE,HOMOSEXUAL,Specific long stay old itself weight. Night him board debate.,47.3089,-1.5512,Nantes,1988-03-06 00:00:00.000000
374,MALE,BISEXUAL,Direction impact continue story break risk guy. Performance network official billion must audience road. Wife crime situation reach play others.,47.3198,-1.5545,Nantes,1993-12-18 00:00:00.000000
375,FEMALE,HOMOSEXUAL,Investment they staff I leader bad foot. Half leave consumer vote choice group. Western include hundred pattern. Institution perhaps trouble capital.,47.3134,-1.5567,Nantes,1987-09-09 00:00:00.000000
376,MALE,HOMOSEXUAL,Serious apply why method institution him as. Cut thought shake heart. Near join quality reveal.,43.6078,3.879,Montpellier,1990-04-21 00:00:00.000000
377,MALE,BISEXUAL,Look space either great night. Trial young church prevent include woman style teach. Interest production strong meet these language event discussion. Little member step drop guy.,43.6112,3.8767,Montpellier,1985-11-03 00:00:00.000000
378,FEMALE,HOMOSEXUAL,Serve writer product outside explain. Measure same give serious. Move large common professor.,43.6045,3.8812,Montpellier,1992-06-15 00:00:00.000000
379,FEMALE,HOMOSEXUAL,Several race none main follow room yet. Blue off movie necessary.,43.6156,3.8834,Montpellier,1988-01-27 00:00:00.000000
380,FEMALE,HOMOSEXUAL,Stop much factor religious fine go five. Price stock him continue development. Forward impact walk half authority drop. Avoid fast growth return.,43.6023,3.8778,Montpellier,1994-08-10 00:00:00.000000
381,FEMALE,BISEXUAL,Trip home offer contain focus dream. Science quickly understand need understand seek operation. Explain different subject talk fear senior spring.,47.2183,6.0219,Besançon,1987-12-22 00:00:00.000000
382,FEMALE,HETEROSEXUAL,Note soon analysis it program bank control. Camera close son may where thing. Moment case state Republican modern similar tend.,47.2156,6.0245,Besançon,1991-05-04 00:00:00.000000
383,MALE,HOMOSEXUAL,Try whole dark trade low. Activity despite cell talk hold of future. Energy full report ready foot.,47.2212,6.0187,Besançon,1989-02-16 00:00:00.000000
384,MALE,HETEROSEXUAL,Plant real three music purpose store record dream. Up strategy trade like exist. Become generation too figure whom single.,47.2134,6.0278,Besançon,1993-09-28 00:00:00.000000
385,FEMALE,HOMOSEXUAL,At wind brother.,47.2245,6.0156,Besançon,1986-07-11 00:00:00.000000
386,MALE,HETEROSEXUAL,General nothing interesting wrong region. Information letter relate minute happy catch moment.,49.4944,0.1079,Le Havre,1990-10-23 00:00:00.000000
387,FEMALE,BISEXUAL,Past hold executive sister talk training suffer. Happen PM interest what tough. Return wonder will onto top increase country.,49.4978,0.1045,Le Havre,1988-04-05 00:00:00.000000
388,FEMALE,HOMOSEXUAL,Information morning usually politics myself attention. Show late why law affect ago television summer.,49.4912,0.1112,Le Havre,1992-01-17 00:00:00.000000
389,MALE,HOMOSEXUAL,Article same itself information. Enter worry talk effort dog. Represent use now enjoy side. Agency chance alone base life really.,49.5001,0.1023,Le Havre,1985-08-30 00:00:00.000000
390,FEMALE,HOMOSEXUAL,Conference discuss difficult whole. Run including year arm.,49.4889,0.1134,Le Havre,1994-03-12 00:00:00.000000
391,MALE,HETEROSEXUAL,Spend leg with mean bar. Watch top who study.,45.4397,4.3872,Saint-Étienne,1987-11-24 00:00:00.000000
392,MALE,BISEXUAL,Choose let debate message box ok. Half place already generation popular. Positive body garden couple form.,45.4423,4.3845,Saint-Étienne,1991-06-06 00:00:00.000000
393,MALE,HOMOSEXUAL,Forward bad anything character analysis market allow by. Modern sense shake. Again despite foreign picture around through sing teach. Director your country free talk water idea similar.,45.4378,4.3901,Saint-Étienne,1989-01-18 00:00:00.000000
394,FEMALE,HOMOSEXUAL,Rule lay over raise describe southern. Hotel at design ball two remain.,45.4445,4.3823,Saint-Étienne,1993-08-31 00:00:00.000000
395,MALE,BISEXUAL,Movement understand hundred. During century born represent similar. Government general policy group garden.,45.4356,4.3923,Saint-Étienne,1986-04-13 00:00:00.000000
396,MALE,BISEXUAL,Ground money system tree form last. Test amount drop too fight purpose. Door response its main attention management. Push help challenge read wear she.,49.2578,4.0317,Reims,1990-09-25 00:00:00.000000
397,MALE,BISEXUAL,Reduce south current hair maybe side word. Goal instead student between.,49.2601,4.0289,Reims,1988-02-07 00:00:00.000000
398,MALE,BISEXUAL,Wear me view walk. Executive bit keep reflect.,49.2545,4.0345,Reims,1992-07-20 00:00:00.000000
399,FEMALE,HETEROSEXUAL,Factor enough stay prepare without city recently. Congress west idea others. Push any behavior sit.,49.2634,4.0267,Reims,1985-12-02 00:00:00.000000
400,FEMALE,BISEXUAL,At consider church however. Reflect treatment police fight research week.,49.2512,4.0378,Reims,1994-05-14 00:00:00.000000
401,MALE,HOMOSEXUAL,Pick back consider increase. Its white chair pressure series visit.,47.4734,-0.5518,Angers,1987-10-26 00:00:00.000000
402,FEMALE,BISEXUAL,Start generation throughout health political. See situation evidence down prepare. Team throughout suggest military save.,47.4767,-0.5545,Angers,1991-03-08 00:00:00.000000
403,MALE,BISEXUAL,Also best the investment total.,47.4701,-0.5489,Angers,1989-08-21 00:00:00.000000
404,FEMALE,HOMOSEXUAL,System speech though more break customer. Recent personal very. Child hot yourself personal list. Statement today probably seem realize.,47.4789,-0.5567,Angers,1993-01-03 00:00:00.000000
405,MALE,BISEXUAL,Modern short money something have specific art. Former manage front wear bar.,47.4678,-0.5456,Angers,1986-06-15 00:00:00.000000
406,MALE,BISEXUAL,Term draw understand activity price. Information strategy walk often high decide let.,49.9134,2.2775,Amiens,1990-11-27 00:00:00.000000
407,FEMALE,HOMOSEXUAL,High poor voice.,49.9167,2.2748,Amiens,1988-04-09 00:00:00.000000
408,MALE,BISEXUAL,Process leader score. Should work attack particularly two camera.,49.9101,2.2803,Amiens,1992-09-22 00:00:00.000000
409,FEMALE,HETEROSEXUAL,Find right hotel another. Imagine generation scene include. Late hundred live wide score southern indeed.,49.9189,2.2726,Amiens,1985-02-04 00:00:00.000000
410,MALE,HETEROSEXUAL,Throughout decade age agency give number meeting. Room number attorney knowledge take within local.,49.9078,2.2831,Amiens,1994-07-16 00:00:00.000000
411,MALE,BISEXUAL,Play site sit education training and. East group nothing stay fund you. Arm yard table before guess.,45.1789,5.7245,Grenoble,1987-12-28 00:00:00.000000
412,FEMALE,HOMOSEXUAL,List claim whether born left way. Civil else civil environment. Another amount myself investment field large himself.,45.1823,5.7212,Grenoble,1991-05-10 00:00:00.000000
413,FEMALE,HOMOSEXUAL,Often doctor most know type book difference. Term break stuff such meeting. Once help American pay loss.,45.1756,5.7278,Grenoble,1989-10-23 00:00:00.000000
414,MALE,HETEROSEXUAL,Court will attack those continue. Part certain member again interesting great before.,45.1845,5.7189,Grenoble,1993-03-05 00:00:00.000000
415,FEMALE,HOMOSEXUAL,Door fact visit build. Read city street little much many visit.,45.1734,5.7301,Grenoble,1986-08-17 00:00:00.000000
416,FEMALE,HETEROSEXUAL,Common career firm memory bad treatment look.,47.9167,1.9,Orléans,1990-01-29 00:00:00.000000
417,MALE,HOMOSEXUAL,Example much to up worry both. Through television hospital section stage.,47.9189,1.8967,Orléans,1988-06-11 00:00:00.000000
418,FEMALE,BISEXUAL,According many hard just. Into tonight team question create almost.,47.9145,1.9034,Orléans,1992-11-24 00:00:00.000000
419,FEMALE,BISEXUAL,Only art travel new sell Mr woman. Executive probably summer news area major debate family. Character student put could now.,47.9212,1.8945,Orléans,1985-04-06 00:00:00.000000
420,FEMALE,HETEROSEXUAL,Human allow analysis politics follow election parent four.,47.9123,1.9056,Orléans,1994-09-18 00:00:00.000000
421,FEMALE,HOMOSEXUAL,Available hair dog interview customer. News mother likely chance but.,43.8345,4.3601,Nîmes,1987-02-28 00:00:00.000000
422,MALE,HETEROSEXUAL,Deal her main rock song no. Benefit hard weight drug action worry fall message.,43.8378,4.3567,Nîmes,1991-07-13 00:00:00.000000
423,MALE,HETEROSEXUAL,Call hotel risk deep fish act figure. Main people water media popular college create. Visit customer none show us skill.,43.8312,4.3634,Nîmes,1989-12-25 00:00:00.000000
424,MALE,HETEROSEXUAL,Indicate these focus perhaps ball he once eat. Major nature quality there though.,43.8401,4.3545,Nîmes,1993-05-07 00:00:00.000000
425,FEMALE,HOMOSEXUAL,Article garden out increase ask. Training cultural agent also. President stop discover local.,43.8289,4.3656,Nîmes,1986-10-19 00:00:00.000000
426,FEMALE,BISEXUAL,Remain him race property young reason discover. Mission garden agree.,49.2578,4.0317,Reims,1990-03-31 00:00:00.000000
427,FEMALE,BISEXUAL,Letter inside toward himself. Specific rest enough admit.,49.2601,4.0289,Reims,1988-08-13 00:00:00.000000
428,MALE,HETEROSEXUAL,Raise whatever serious candidate prove ok ask half. Here suffer indeed present early home. Politics treatment painting base newspaper.,49.2545,4.0345,Reims,1992-01-25 00:00:00.000000
429,FEMALE,HETEROSEXUAL,Explain much draw reflect world leg show explain. Whatever candidate question discover deal agent.,49.2634,4.0267,Reims,1985-06-07 00:00:00.000000
430,FEMALE,HOMOSEXUAL,Follow security every ball southern. About federal cost ability. Big positive process political nothing fall focus.,49.2512,4.0378,Reims,1994-11-19 00:00:00.000000
431,MALE,BISEXUAL,Night own wife and. Still around task activity.,45.7834,3.0823,Clermont-Ferrand,1987-04-30 00:00:00.000000
432,MALE,BISEXUAL,Of follow experience bad claim page. Pattern friend big effect wonder. New southern need increase state.,45.7867,3.0789,Clermont-Ferrand,1991-09-12 00:00:00.000000
433,MALE,HETEROSEXUAL,Their name nation improve line. Reduce base data I card. Pattern price administration behind child music institution story.,45.7801,3.0856,Clermont-Ferrand,1989-02-24 00:00:00.000000
434,MALE,BISEXUAL,Treatment recognize perform difficult town certainly cell. Television fear wife officer own against green.,45.7889,3.0767,Clermont-Ferrand,1993-07-06 00:00:00.000000
435,MALE,HETEROSEXUAL,Go eat physical start speech current down degree. Foreign young value out tough.,45.7778,3.0878,Clermont-Ferrand,1986-12-18 00:00:00.000000
436,FEMALE,BISEXUAL,Discover my we strategy necessary part. Receive some dog dark national work kind. Thought meet strong pressure many defense.,43.6245,3.8912,Montpellier,1990-05-20 00:00:00.000000
437,MALE,BISEXUAL,Response doctor grow lay.,43.6278,3.8878,Montpellier,1988-10-02 00:00:00.000000
438,FEMALE,BISEXUAL,Produce people environment head.,43.6212,3.8945,Montpellier,1992-03-14 00:00:00.000000
439,FEMALE,BISEXUAL,Across officer win plan indicate. Eat information matter beat design onto small them. Thing four director coach degree grow.,43.6301,3.8856,Montpellier,1985-08-26 00:00:00.000000
440,FEMALE,BISEXUAL,Possible help where budget strategy. Deal campaign involve throw page.,43.6189,3.8967,Montpellier,1994-01-08 00:00:00.000000
441,FEMALE,HOMOSEXUAL,Expect police party rate our outside senior. Ground civil least bag.,48.8566,2.3522,Paris,1990-03-15 00:00:00.000000
442,MALE,BISEXUAL,Travel like less save show research development. Purpose dream suddenly full quality spring add receive. Expect medical radio set. Appear reality fill beat sign truth rather.,48.8589,2.3469,Paris,1985-07-22 00:00:00.000000
443,FEMALE,BISEXUAL,Painting site newspaper speak offer. Product finish kind imagine hospital anyone design.,48.8534,2.3488,Paris,1992-11-30 00:00:00.000000
444,MALE,HETEROSEXUAL,Begin deal three tree series. Mouth indeed everybody always big move. Office chair event question mention we could official.,48.8591,2.3573,Paris,1988-04-17 00:00:00.000000
445,FEMALE,HOMOSEXUAL,That support population follow some resource these guy. Network environment let that. Job effect race management whom election.,48.8495,2.3438,Paris,1993-09-28 00:00:00.000000
446,FEMALE,BISEXUAL,Science better official full question pass. Travel participant large difference red role. Response between certainly home ahead.,43.2965,5.3698,Marseille,1988-09-04 00:00:00.000000
447,MALE,HOMOSEXUAL,Travel industry president job. Concern determine exactly station into prepare value.,43.2951,5.3707,Marseille,1995-01-18 00:00:00.000000
448,FEMALE,HETEROSEXUAL,Suddenly factor thank let ball challenge. Decade determine site security fund sure seek brother.,43.2932,5.3689,Marseille,1987-06-25 00:00:00.000000
449,FEMALE,HETEROSEXUAL,Every term data third eat billion rest.,43.2883,5.3731,Marseille,1991-12-03 00:00:00.000000
450,MALE,HOMOSEXUAL,Agreement civil onto. Threat become world look.,43.3037,5.3723,Marseille,1986-03-14 00:00:00.000000
451,MALE,HETEROSEXUAL,Memory meet board carry large detail every. Receive design cold arm bed. Task over second of pay still film. Seven factor no million really half.,45.764,4.8357,Lyon,1993-04-12 00:00:00.000000
452,MALE,BISEXUAL,Know happen law. Whole run write world.,45.7578,4.832,Lyon,1989-08-29 00:00:00.000000
453,FEMALE,HOMOSEXUAL,Summer result tonight become affect throughout paper. Skill part difficult wife. Without its animal want control name enough. Show sign specific people cover.,45.7689,4.8343,Lyon,1991-12-07 00:00:00.000000
454,MALE,HOMOSEXUAL,Time strong occur pass actually.,45.7712,4.8384,Lyon,1987-05-20 00:00:00.000000
455,MALE,BISEXUAL,Across information only worry between. Whose again method address since example. Describe admit agency benefit. Behavior business certainly trade money must western.,45.7623,4.8298,Lyon,1994-10-31 00:00:00.000000
456,MALE,HOMOSEXUAL,Order hair set should suffer wish beyond item. Quickly very animal.,43.6043,1.4437,Toulouse,1986-05-14 00:00:00.000000
457,FEMALE,HETEROSEXUAL,Important although wide with rule do property.,43.6102,1.4456,Toulouse,1994-02-28 00:00:00.000000
458,MALE,HETEROSEXUAL,Hour that here off accept through each society. Figure successful billion side think simply information sit. Use anything stage nation prepare discuss nor visit.,43.6007,1.4442,Toulouse,1990-10-09 00:00:00.000000
459,FEMALE,HETEROSEXUAL,Stop carry listen fast strong deal defense. Art support item baby scientist leg.,43.6145,1.4483,Toulouse,1988-07-16 00:00:00.000000
460,FEMALE,HETEROSEXUAL,Property dinner toward court view risk win. When involve note same scene make. Him big general activity president send.,43.5984,1.4398,Toulouse,1992-01-23 00:00:00.000000
461,MALE,HOMOSEXUAL,Soldier community line chance certainly itself doctor.,43.7102,7.262,Nice,1987-07-31 00:00:00.000000
462,MALE,HOMOSEXUAL,Hand data might everything week early successful. Tend spring point fight seek building describe one. Off quickly way water team better month. Too oil call role eight know body project.,43.7032,7.2661,Nice,1992-03-25 00:00:00.000000
463,FEMALE,BISEXUAL,Charge evidence per police north hit. Produce clear answer pretty artist attorney recent.,43.7156,7.2587,Nice,1989-11-16 00:00:00.000000
464,MALE,HETEROSEXUAL,Pressure machine eight capital five quality. Player thus enough drug security member travel tax.,43.7084,7.2545,Nice,1993-06-08 00:00:00.000000
465,MALE,BISEXUAL,Edge floor few hand answer exactly as. Industry image clear join likely loss according. Option radio service myself.,43.7198,7.2673,Nice,1985-09-19 00:00:00.000000
466,MALE,HETEROSEXUAL,Page blue PM TV protect join officer. Adult treatment at attention customer college event once. Benefit lay understand myself. Everybody our call collection.,47.2184,-1.5536,Nantes,1994-06-08 00:00:00.000000
467,MALE,BISEXUAL,Threat card together name. Simple civil edge space hospital. Gun fight special above.,47.2131,-1.5569,Nantes,1986-09-21 00:00:00.000000
468,MALE,BISEXUAL,Song show choice personal young. Play reduce national price.,47.2221,-1.5523,Nantes,1991-01-13 00:00:00.000000
469,MALE,HOMOSEXUAL,Might about remember much six step consider. Front process national down response economy first.,47.2167,-1.5492,Nantes,1988-12-04 00:00:00.000000
470,MALE,BISEXUAL,Through consider first inside. Remain do gun very up professional believe. Dream employee what design sing onto.,47.2245,-1.5587,Nantes,1993-04-27 00:00:00.000000
471,MALE,BISEXUAL,Plan different choose happy the smile common. Brother language available section. Activity book someone theory agree agreement.,48.5734,7.7521,Strasbourg,1988-12-04 00:00:00.000000
472,MALE,HOMOSEXUAL,Ball film require exist. Hundred follow budget deep low act. Then language join note.,48.5789,7.7484,Strasbourg,1993-08-17 00:00:00.000000
473,FEMALE,HOMOSEXUAL,Late number skin. Administration particularly eat significant.,48.5698,7.7543,Strasbourg,1985-04-30 00:00:00.000000
474,FEMALE,HOMOSEXUAL,Hospital never home everything strategy. Describe keep pressure garden include black apply later. Crime end woman develop example voice. Sometimes establish whose section.,48.5823,7.7512,Strasbourg,1990-11-12 00:00:00.000000
475,FEMALE,BISEXUAL,Necessary despite set. Growth place four store condition inside.,48.5756,7.7467,Strasbourg,1987-02-25 00:00:00.000000
476,FEMALE,HETEROSEXUAL,Call police mother quality most school have energy. Protect yet start. Certainly relationship near next organization nature.,44.8378,0.5792,Bordeaux,1990-07-26 00:00:00.000000
477,MALE,BISEXUAL,Artist wrong process where worry later. Hundred find play quickly yes call try husband.,44.8404,0.5805,Bordeaux,1987-02-11 00:00:00.000000
478,FEMALE,BISEXUAL,Card any even business. She director certainly.,44.8333,0.5767,Bordeaux,1995-05-23 00:00:00.000000
479,MALE,HOMOSEXUAL,Happy tonight material arm table.,44.8456,0.5834,Bordeaux,1989-10-15 00:00:00.000000
480,MALE,BISEXUAL,Growth own say goal. Ready born economy speak. Camera word wonder pattern drive.,44.8289,0.5745,Bordeaux,1992-08-07 00:00:00.000000
481,FEMALE,HETEROSEXUAL,Project out modern source campaign rule should. Must past scene kid however.,47.3167,-1.5534,Nantes,1986-01-29 00:00:00.000000
482,MALE,BISEXUAL,Be every hit child make begin. First close matter must billion nor. Reality middle school short. Western drive science your why.,47.3215,-1.5578,Nantes,1991-07-14 00:00:00.000000
483,FEMALE,HOMOSEXUAL,Exist people all I mention. Later stay red form theory purpose pick.,47.3089,-1.5512,Nantes,1988-03-06 00:00:00.000000
484,FEMALE,BISEXUAL,Thus become next policy type speak necessary popular. Simply include star instead understand today face those. Go medical air community performance may.,47.3198,-1.5545,Nantes,1993-12-18 00:00:00.000000
485,MALE,HETEROSEXUAL,Gun know doctor have coach many he. Deep produce treat responsibility marriage visit.,47.3134,-1.5567,Nantes,1987-09-09 00:00:00.000000
486,FEMALE,HOMOSEXUAL,Friend save as about recently but. Real eye those dinner door. Board probably outside thousand. Hospital task effect property newspaper.,43.6078,3.879,Montpellier,1990-04-21 00:00:00.000000
487,MALE,HOMOSEXUAL,Human action benefit. Pretty another box street table southern. Because side give challenge never purpose.,43.6112,3.8767,Montpellier,1985-11-03 00:00:00.000000
488,MALE,BISEXUAL,Bring while check nor from service. Wear history special share purpose. Help talk western.,43.6045,3.8812,Montpellier,1992-06-15 00:00:00.000000
489,FEMALE,HETEROSEXUAL,Lot training data must.,43.6156,3.8834,Montpellier,1988-01-27 00:00:00.000000
490,MALE,HETEROSEXUAL,The fear upon fire produce necessary. Wonder involve team idea woman.,43.6023,3.8778,Montpellier,1994-08-10 00:00:00.000000
491,MALE,HETEROSEXUAL,Raise effect billion prepare. Style many space behind southern couple campaign. Enough almost side adult reduce a.,47.2183,6.0219,Besançon,1987-12-22 00:00:00.000000
492,MALE,HETEROSEXUAL,Stuff subject boy next base he. Pick impact until any.,47.2156,6.0245,Besançon,1991-05-04 00:00:00.000000
493,MALE,HOMOSEXUAL,Sit to range. Address similar base green.,47.2212,6.0187,Besançon,1989-02-16 00:00:00.000000
494,MALE,BISEXUAL,International former difficult plan explain red stay wrong. Far stop address. Pm organization everything fight.,47.2134,6.0278,Besançon,1993-09-28 00:00:00.000000
495,FEMALE,BISEXUAL,Education task open unit. Nearly project stand doctor local.,47.2245,6.0156,Besançon,1986-07-11 00:00:00.000000
496,FEMALE,HETEROSEXUAL,Also business or he cultural party. Back notice indicate clearly trade fast. Though stop into.,49.4944,0.1079,Le Havre,1990-10-23 00:00:00.000000
497,MALE,HOMOSEXUAL,Road new just we. Blood home shoulder factor no middle. Table yard necessary oil window level style face.,49.4978,0.1045,Le Havre,1988-04-05 00:00:00.000000
498,FEMALE,HOMOSEXUAL,Whatever represent inside health product. Employee cost sport bank want.,49.4912,0.1112,Le Havre,1992-01-17 00:00:00.000000
499,FEMALE,BISEXUAL,Find note provide government sure body. Foreign seek apply wait forward accept. Right view choose think his picture give magazine.,49.5001,0.1023,Le Havre,1985-08-30 00:00:00.000000
500,FEMALE,HETEROSEXUAL,Item site long. Step beat compare last focus. Family north entire partner.,49.4889,0.1134,Le Havre,1994-03-12 00:00:00.000000
