user_id,interest_code
1,DANCING
1,BOARD_GAMES
1,FITNESS
1,GARDENING
1,ANIMALS
1,READING
2,HIKING
2,PHOTOGRAPHY
2,FASHION
3,HIKING
3,ANIMALS
4,PHOTOGRAPHY
4,YOGA
4,BOARD_GAMES
4,WRITING
4,SPORTS
5,ART
5,HIKING
5,ANIMALS
5,DANCING
5,FASHION
6,GAMING
6,BOARD_GAMES
7,BOARD_GAMES
7,MOVIES
7,GARDENING
7,COOKING
8,ART
8,GARDENING
8,MOVIES
8,COOKING
8,MUSIC
9,YOGA
9,SPORTS
9,READING
9,FASHION
9,GAMING
10,VOLUNTEERING
10,BOARD_GAMES
10,YOGA
10,PHOTOGRAPHY
11,FASHION
11,PHOTOGRAPHY
11,READING
11,VOLUNTEERING
11,COOKING
11,ANIMALS
12,BOARD_GAMES
12,GARDENING
12,COOKING
12,READING
13,TRAVEL
13,FITNESS
14,PHOTOGRAPHY
14,FASHION
14,TRAVEL
15,ANIMALS
15,WRITING
15,READING
16,VOLUNTEERING
16,COOKING
16,HIKING
16,YOGA
16,SPORTS
17,DANCING
17,FASHION
17,ANIMALS
18,MOVIES
18,COOKING
18,BOARD_GAMES
18,GARDENING
19,TRAVEL
19,FASHION
19,MOVIES
20,VOLUNTEERING
20,GARDENING
20,YOGA
20,ANIMALS
20,GAMING
20,MOVIES
21,FITNESS
21,HIKING
21,YOGA
22,SPORTS
22,TRAVEL
22,GAMING
22,READING
23,HIKING
23,MOVIES
23,READING
23,MUSIC
24,VOLUNTEERING
24,GAMING
24,DANCING
24,SPORTS
25,ANIMALS
25,ART
25,DANCING
26,DANCING
26,SPORTS
26,MUSIC
27,MUSIC
27,GARDENING
28,TRAVEL
28,VOLUNTEERING
28,ART
28,MUSIC
28,MOVIES
29,DANCING
29,SPORTS
29,PHOTOGRAPHY
29,MOVIES
30,BOARD_GAMES
30,FITNESS
31,HIKING
31,SPORTS
31,MUSIC
31,DANCING
31,GAMING
31,FITNESS
32,ANIMALS
32,FITNESS
32,WRITING
32,BOARD_GAMES
32,FASHION
32,VOLUNTEERING
33,BOARD_GAMES
34,PHOTOGRAPHY
34,SPORTS
35,WRITING
35,SPORTS
35,FITNESS
35,MUSIC
35,VOLUNTEERING
36,ART
36,ANIMALS
36,HIKING
36,GARDENING
36,MUSIC
37,HIKING
37,GARDENING
38,FITNESS
38,DANCING
38,GAMING
38,SPORTS
38,ANIMALS
39,READING
39,MUSIC
39,FASHION
39,WRITING
39,YOGA
40,ART
40,BOARD_GAMES
40,PHOTOGRAPHY
40,FITNESS
41,HIKING
41,VOLUNTEERING
41,READING
41,SPORTS
41,FASHION
41,WRITING
42,YOGA
43,MOVIES
43,GAMING
44,FASHION
44,MOVIES
45,YOGA
45,WRITING
45,GAMING
46,GAMING
46,SPORTS
46,HIKING
46,TECHNOLOGY
47,DANCING
47,TRAVEL
47,TECHNOLOGY
47,YOGA
47,COOKING
48,MOVIES
49,HIKING
50,FASHION
50,ANIMALS
50,VOLUNTEERING
50,BOARD_GAMES
51,YOGA
51,MUSIC
51,ANIMALS
51,WRITING
52,YOGA
52,ANIMALS
52,FASHION
52,DANCING
52,SPORTS
52,GAMING
53,GARDENING
53,TRAVEL
53,COOKING
53,VOLUNTEERING
53,ART
53,READING
54,SPORTS
54,DANCING
55,VOLUNTEERING
55,READING
55,GARDENING
55,HIKING
56,TECHNOLOGY
57,SPORTS
57,GAMING
57,COOKING
58,READING
59,ANIMALS
59,YOGA
59,ART
59,BOARD_GAMES
59,MUSIC
59,MOVIES
60,GARDENING
61,GARDENING
61,ANIMALS
61,TECHNOLOGY
61,DANCING
61,COOKING
61,WRITING
62,DANCING
63,BOARD_GAMES
63,TRAVEL
63,HIKING
63,YOGA
64,VOLUNTEERING
64,PHOTOGRAPHY
64,BOARD_GAMES
65,BOARD_GAMES
65,COOKING
65,TRAVEL
65,FITNESS
66,MUSIC
66,SPORTS
66,VOLUNTEERING
66,FITNESS
67,GAMING
67,BOARD_GAMES
68,FITNESS
68,HIKING
69,HIKING
69,MUSIC
69,PHOTOGRAPHY
69,COOKING
69,WRITING
69,VOLUNTEERING
70,BOARD_GAMES
70,WRITING
70,MUSIC
70,TECHNOLOGY
71,ART
71,WRITING
71,ANIMALS
71,YOGA
71,VOLUNTEERING
72,MUSIC
72,ART
72,VOLUNTEERING
72,COOKING
72,MOVIES
72,GAMING
73,GAMING
73,BOARD_GAMES
73,MUSIC
73,YOGA
74,FITNESS
74,YOGA
74,BOARD_GAMES
75,READING
76,YOGA
76,ANIMALS
76,HIKING
76,COOKING
76,SPORTS
76,BOARD_GAMES
77,DANCING
77,FITNESS
77,TRAVEL
77,MUSIC
77,PHOTOGRAPHY
77,VOLUNTEERING
78,TECHNOLOGY
78,GAMING
78,MUSIC
79,PHOTOGRAPHY
79,TECHNOLOGY
80,YOGA
80,SPORTS
80,TECHNOLOGY
80,MOVIES
80,MUSIC
81,MUSIC
81,ART
81,FITNESS
81,MOVIES
81,COOKING
82,VOLUNTEERING
82,COOKING
82,PHOTOGRAPHY
82,ANIMALS
82,MOVIES
83,READING
83,FASHION
83,GAMING
83,YOGA
84,PHOTOGRAPHY
84,WRITING
84,COOKING
84,DANCING
84,SPORTS
84,MUSIC
85,ANIMALS
85,GAMING
85,SPORTS
85,MOVIES
86,FITNESS
86,COOKING
86,READING
86,SPORTS
86,MUSIC
86,PHOTOGRAPHY
87,BOARD_GAMES
87,GAMING
87,ART
88,TECHNOLOGY
88,SPORTS
88,YOGA
88,ART
88,GARDENING
88,DANCING
89,TRAVEL
89,VOLUNTEERING
89,SPORTS
89,BOARD_GAMES
89,COOKING
89,ANIMALS
90,MUSIC
90,WRITING
90,DANCING
90,GAMING
90,GARDENING
91,GAMING
92,COOKING
92,MOVIES
93,MUSIC
94,GAMING
94,YOGA
94,WRITING
95,TECHNOLOGY
95,ANIMALS
95,COOKING
96,COOKING
96,WRITING
97,MOVIES
97,DANCING
97,COOKING
98,VOLUNTEERING
98,DANCING
98,TRAVEL
98,TECHNOLOGY
98,PHOTOGRAPHY
99,COOKING
99,MOVIES
99,HIKING
99,FASHION
99,ART
100,READING
101,SPORTS
101,VOLUNTEERING
101,BOARD_GAMES
101,FITNESS
101,HIKING
101,FASHION
102,WRITING
102,MUSIC
103,PHOTOGRAPHY
103,ANIMALS
103,VOLUNTEERING
104,ART
104,HIKING
104,FITNESS
104,MOVIES
104,TECHNOLOGY
104,SPORTS
105,VOLUNTEERING
106,FASHION
106,SPORTS
106,GARDENING
106,COOKING
107,FASHION
107,WRITING
107,COOKING
107,TECHNOLOGY
107,GAMING
108,MOVIES
108,SPORTS
109,BOARD_GAMES
109,READING
109,ART
110,COOKING
110,BOARD_GAMES
110,SPORTS
111,ANIMALS
111,GAMING
111,MUSIC
111,PHOTOGRAPHY
111,DANCING
112,MUSIC
112,GARDENING
112,FASHION
112,READING
112,WRITING
113,GARDENING
113,HIKING
113,FASHION
113,DANCING
113,TECHNOLOGY
114,GARDENING
114,SPORTS
114,WRITING
114,READING
114,TRAVEL
114,VOLUNTEERING
115,READING
115,PHOTOGRAPHY
115,FASHION
116,TECHNOLOGY
116,PHOTOGRAPHY
116,BOARD_GAMES
116,GARDENING
116,MUSIC
117,COOKING
117,SPORTS
117,MOVIES
117,HIKING
117,FITNESS
117,YOGA
118,YOGA
118,WRITING
118,GARDENING
119,YOGA
120,GARDENING
120,FASHION
120,YOGA
120,BOARD_GAMES
121,SPORTS
121,MOVIES
121,READING
121,ANIMALS
121,GAMING
121,DANCING
122,GAMING
122,BOARD_GAMES
122,GARDENING
122,MUSIC
122,TECHNOLOGY
123,HIKING
123,WRITING
124,MOVIES
124,TECHNOLOGY
124,MUSIC
124,BOARD_GAMES
124,READING
124,PHOTOGRAPHY
125,ART
125,GARDENING
125,MUSIC
126,MUSIC
126,MOVIES
126,TECHNOLOGY
126,COOKING
126,HIKING
126,SPORTS
127,ANIMALS
127,WRITING
127,MUSIC
127,COOKING
127,YOGA
127,GAMING
128,DANCING
129,FASHION
129,TECHNOLOGY
129,ANIMALS
129,DANCING
130,PHOTOGRAPHY
130,GAMING
130,MOVIES
131,DANCING
131,MOVIES
131,VOLUNTEERING
131,SPORTS
132,HIKING
132,PHOTOGRAPHY
132,MOVIES
132,BOARD_GAMES
132,ART
133,TECHNOLOGY
133,MUSIC
133,YOGA
133,FASHION
133,SPORTS
133,COOKING
134,SPORTS
134,DANCING
135,FITNESS
135,DANCING
135,MUSIC
135,BOARD_GAMES
135,TECHNOLOGY
136,MOVIES
136,TECHNOLOGY
136,YOGA
137,YOGA
137,TECHNOLOGY
137,ART
138,MOVIES
138,READING
138,BOARD_GAMES
138,MUSIC
138,ANIMALS
139,FITNESS
139,ART
139,ANIMALS
140,COOKING
140,SPORTS
141,BOARD_GAMES
141,READING
141,YOGA
141,GARDENING
141,GAMING
142,WRITING
142,VOLUNTEERING
142,ART
143,ANIMALS
143,ART
143,FASHION
143,READING
143,COOKING
144,READING
144,SPORTS
144,TECHNOLOGY
144,BOARD_GAMES
144,PHOTOGRAPHY
145,VOLUNTEERING
145,YOGA
145,GAMING
145,ART
146,YOGA
146,VOLUNTEERING
147,SPORTS
147,FITNESS
147,MOVIES
147,VOLUNTEERING
148,BOARD_GAMES
148,ANIMALS
149,GAMING
150,HIKING
150,YOGA
150,MUSIC
150,TRAVEL
151,COOKING
151,ART
151,DANCING
151,YOGA
151,WRITING
152,COOKING
152,ART
152,BOARD_GAMES
152,FITNESS
152,GAMING
153,TRAVEL
153,TECHNOLOGY
153,DANCING
153,FITNESS
154,HIKING
154,MOVIES
154,PHOTOGRAPHY
154,DANCING
155,HIKING
156,ANIMALS
156,BOARD_GAMES
156,COOKING
156,YOGA
157,TECHNOLOGY
158,VOLUNTEERING
158,ART
159,COOKING
159,SPORTS
159,ANIMALS
159,HIKING
160,YOGA
160,ANIMALS
160,FASHION
160,READING
161,MUSIC
162,HIKING
162,TECHNOLOGY
162,BOARD_GAMES
162,ART
162,WRITING
163,GAMING
163,PHOTOGRAPHY
163,READING
163,FASHION
164,MOVIES
164,DANCING
164,GAMING
164,VOLUNTEERING
164,WRITING
165,GARDENING
166,YOGA
167,MUSIC
167,ANIMALS
167,BOARD_GAMES
167,DANCING
167,GAMING
168,YOGA
168,COOKING
168,FASHION
168,READING
169,FITNESS
169,MOVIES
169,BOARD_GAMES
169,FASHION
169,TECHNOLOGY
170,HIKING
170,COOKING
170,READING
170,ANIMALS
171,ANIMALS
171,FITNESS
172,SPORTS
172,TRAVEL
172,GAMING
172,BOARD_GAMES
172,MOVIES
173,READING
173,TECHNOLOGY
174,GARDENING
175,TRAVEL
175,YOGA
175,GAMING
175,MUSIC
176,TRAVEL
176,MUSIC
176,FITNESS
177,YOGA
177,WRITING
177,GARDENING
177,PHOTOGRAPHY
177,ANIMALS
177,FASHION
178,WRITING
178,YOGA
178,MOVIES
178,COOKING
179,ART
179,GAMING
179,MUSIC
179,READING
179,PHOTOGRAPHY
180,SPORTS
180,VOLUNTEERING
180,DANCING
181,SPORTS
181,COOKING
181,FASHION
182,COOKING
183,MUSIC
183,TECHNOLOGY
184,READING
184,VOLUNTEERING
184,FASHION
185,BOARD_GAMES
185,ANIMALS
185,PHOTOGRAPHY
185,SPORTS
185,COOKING
186,YOGA
186,MOVIES
187,ANIMALS
187,BOARD_GAMES
187,VOLUNTEERING
187,MOVIES
187,FITNESS
188,PHOTOGRAPHY
189,WRITING
189,DANCING
189,GAMING
189,VOLUNTEERING
190,COOKING
190,FITNESS
190,DANCING
190,MOVIES
190,GAMING
191,PHOTOGRAPHY
191,GARDENING
191,WRITING
191,READING
191,MOVIES
191,ART
192,HIKING
192,ART
192,READING
193,TRAVEL
193,PHOTOGRAPHY
193,GAMING
194,ANIMALS
194,ART
194,VOLUNTEERING
194,GARDENING
195,PHOTOGRAPHY
195,DANCING
196,MUSIC
196,YOGA
196,COOKING
196,MOVIES
197,MUSIC
197,BOARD_GAMES
197,YOGA
197,ANIMALS
197,FASHION
197,MOVIES
198,VOLUNTEERING
198,TRAVEL
198,ART
198,FASHION
198,WRITING
198,HIKING
199,TRAVEL
199,MUSIC
199,YOGA
199,WRITING
199,DANCING
199,ANIMALS
200,MOVIES
200,DANCING
201,COOKING
202,MOVIES
202,DANCING
203,GAMING
203,YOGA
204,YOGA
204,GARDENING
205,FASHION
205,GARDENING
205,GAMING
205,MOVIES
205,PHOTOGRAPHY
205,VOLUNTEERING
206,BOARD_GAMES
206,GAMING
206,READING
207,WRITING
207,COOKING
207,MUSIC
208,DANCING
208,YOGA
208,ANIMALS
209,TECHNOLOGY
209,WRITING
209,HIKING
209,ANIMALS
209,GARDENING
210,VOLUNTEERING
211,MOVIES
211,TECHNOLOGY
211,BOARD_GAMES
211,TRAVEL
212,TRAVEL
212,COOKING
212,DANCING
212,TECHNOLOGY
212,PHOTOGRAPHY
212,ANIMALS
213,MUSIC
213,SPORTS
213,FITNESS
213,TECHNOLOGY
213,WRITING
214,PHOTOGRAPHY
214,FITNESS
214,COOKING
214,YOGA
214,TRAVEL
215,ART
215,VOLUNTEERING
215,PHOTOGRAPHY
215,YOGA
215,COOKING
215,WRITING
216,FITNESS
216,TECHNOLOGY
216,TRAVEL
216,PHOTOGRAPHY
217,BOARD_GAMES
217,MOVIES
217,FITNESS
217,READING
217,TRAVEL
217,VOLUNTEERING
218,BOARD_GAMES
219,TRAVEL
219,DANCING
219,HIKING
219,GAMING
220,YOGA
220,BOARD_GAMES
220,GAMING
221,GARDENING
221,ANIMALS
221,BOARD_GAMES
221,COOKING
221,GAMING
221,SPORTS
222,ANIMALS
222,GAMING
222,WRITING
222,MUSIC
223,TECHNOLOGY
223,MUSIC
223,TRAVEL
223,YOGA
223,BOARD_GAMES
224,ANIMALS
224,BOARD_GAMES
224,ART
224,COOKING
225,READING
226,FITNESS
226,ART
226,HIKING
227,SPORTS
227,MUSIC
227,FASHION
227,TECHNOLOGY
227,TRAVEL
227,ART
228,GAMING
229,GAMING
229,COOKING
230,VOLUNTEERING
231,MUSIC
231,ANIMALS
231,GARDENING
231,WRITING
231,TECHNOLOGY
231,SPORTS
232,ART
232,GAMING
232,FASHION
232,VOLUNTEERING
233,ART
234,TRAVEL
234,COOKING
234,PHOTOGRAPHY
234,DANCING
234,HIKING
235,PHOTOGRAPHY
235,ART
235,WRITING
235,MOVIES
235,TRAVEL
235,TECHNOLOGY
236,GARDENING
236,BOARD_GAMES
236,WRITING
236,READING
237,FITNESS
237,SPORTS
237,MUSIC
237,HIKING
237,BOARD_GAMES
237,VOLUNTEERING
238,DANCING
238,ART
238,MUSIC
238,HIKING
238,ANIMALS
239,READING
240,ART
240,HIKING
240,YOGA
240,FASHION
240,WRITING
240,MUSIC
241,HIKING
241,FASHION
241,VOLUNTEERING
242,HIKING
242,GARDENING
243,VOLUNTEERING
244,TRAVEL
244,GAMING
245,DANCING
246,MUSIC
246,ART
246,YOGA
247,BOARD_GAMES
248,DANCING
248,BOARD_GAMES
248,MOVIES
248,HIKING
248,PHOTOGRAPHY
248,COOKING
249,SPORTS
250,COOKING
250,DANCING
250,MOVIES
251,PHOTOGRAPHY
251,MOVIES
252,GAMING
252,GARDENING
252,MUSIC
252,PHOTOGRAPHY
252,FASHION
253,TRAVEL
253,VOLUNTEERING
254,FITNESS
254,TRAVEL
254,READING
254,GAMING
254,COOKING
255,BOARD_GAMES
255,TRAVEL
255,READING
255,COOKING
255,MUSIC
255,DANCING
256,DANCING
256,PHOTOGRAPHY
256,ART
256,FITNESS
256,WRITING
257,COOKING
257,GAMING
258,TRAVEL
258,COOKING
258,VOLUNTEERING
258,READING
258,TECHNOLOGY
258,HIKING
259,READING
259,ART
260,ANIMALS
260,SPORTS
260,BOARD_GAMES
260,COOKING
260,GAMING
260,TECHNOLOGY
261,VOLUNTEERING
261,FITNESS
261,GARDENING
261,MUSIC
261,TRAVEL
261,YOGA
262,MOVIES
262,TECHNOLOGY
262,FITNESS
263,ANIMALS
263,TRAVEL
263,READING
263,VOLUNTEERING
263,MOVIES
263,COOKING
264,FASHION
264,GAMING
264,MUSIC
264,ANIMALS
264,MOVIES
264,GARDENING
265,FITNESS
265,DANCING
266,TECHNOLOGY
266,YOGA
266,ANIMALS
266,DANCING
267,READING
267,HIKING
267,FITNESS
267,GARDENING
268,TECHNOLOGY
269,COOKING
269,PHOTOGRAPHY
270,SPORTS
270,PHOTOGRAPHY
270,TRAVEL
271,FASHION
271,VOLUNTEERING
272,MUSIC
272,VOLUNTEERING
272,TECHNOLOGY
272,ART
273,READING
273,BOARD_GAMES
273,HIKING
273,COOKING
273,ANIMALS
274,WRITING
275,COOKING
275,FITNESS
275,SPORTS
275,GAMING
275,FASHION
276,WRITING
276,GAMING
276,YOGA
277,PHOTOGRAPHY
278,FITNESS
278,YOGA
279,READING
279,VOLUNTEERING
279,TECHNOLOGY
279,MUSIC
279,WRITING
280,FASHION
280,ANIMALS
281,TRAVEL
282,GAMING
282,ANIMALS
282,READING
283,MUSIC
283,YOGA
284,MUSIC
284,PHOTOGRAPHY
285,FASHION
285,VOLUNTEERING
285,SPORTS
286,HIKING
286,GAMING
286,MUSIC
287,BOARD_GAMES
288,TRAVEL
288,COOKING
289,GAMING
289,FASHION
290,TECHNOLOGY
290,YOGA
290,PHOTOGRAPHY
291,TRAVEL
291,HIKING
291,TECHNOLOGY
291,FASHION
291,DANCING
291,VOLUNTEERING
292,MOVIES
292,DANCING
293,SPORTS
293,READING
293,FITNESS
294,SPORTS
295,GARDENING
295,ANIMALS
295,YOGA
296,VOLUNTEERING
296,DANCING
297,FITNESS
297,YOGA
297,READING
297,MOVIES
298,COOKING
298,WRITING
298,VOLUNTEERING
298,MUSIC
298,GAMING
299,TRAVEL
299,VOLUNTEERING
300,PHOTOGRAPHY
300,COOKING
300,MOVIES
300,VOLUNTEERING
300,TRAVEL
301,ANIMALS
301,FITNESS
302,HIKING
302,DANCING
302,COOKING
302,TECHNOLOGY
303,TRAVEL
303,HIKING
304,TRAVEL
305,ANIMALS
305,MUSIC
306,DANCING
307,GAMING
307,ART
307,COOKING
307,TECHNOLOGY
307,HIKING
308,SPORTS
308,ART
309,GARDENING
309,BOARD_GAMES
309,READING
309,YOGA
309,TRAVEL
309,WRITING
310,FITNESS
310,GARDENING
311,GARDENING
311,MOVIES
312,HIKING
312,BOARD_GAMES
312,YOGA
312,GARDENING
312,COOKING
313,BOARD_GAMES
314,WRITING
314,MUSIC
314,COOKING
314,FASHION
314,VOLUNTEERING
314,READING
315,FITNESS
315,BOARD_GAMES
316,HIKING
316,ART
316,TRAVEL
316,YOGA
317,DANCING
318,TRAVEL
318,ART
318,GARDENING
319,FITNESS
319,ART
319,HIKING
319,YOGA
319,BOARD_GAMES
320,READING
320,ART
321,SPORTS
321,BOARD_GAMES
321,MUSIC
322,FITNESS
322,GARDENING
322,WRITING
322,SPORTS
323,ANIMALS
323,WRITING
323,GAMING
323,DANCING
323,ART
324,GAMING
324,MOVIES
325,FASHION
325,MOVIES
325,YOGA
325,FITNESS
325,TECHNOLOGY
325,MUSIC
326,BOARD_GAMES
326,HIKING
327,DANCING
327,BOARD_GAMES
328,MOVIES
328,PHOTOGRAPHY
328,DANCING
329,YOGA
329,DANCING
330,FASHION
330,READING
330,TRAVEL
330,VOLUNTEERING
330,FITNESS
331,ART
331,TRAVEL
331,WRITING
331,GAMING
332,YOGA
332,ANIMALS
332,COOKING
332,TECHNOLOGY
333,YOGA
334,HIKING
334,YOGA
334,GAMING
335,MUSIC
335,SPORTS
335,DANCING
335,WRITING
336,BOARD_GAMES
336,TRAVEL
336,TECHNOLOGY
337,ART
338,COOKING
338,GAMING
338,READING
338,HIKING
338,MUSIC
338,TRAVEL
339,GARDENING
339,YOGA
339,SPORTS
339,GAMING
339,MUSIC
340,ANIMALS
340,MOVIES
340,HIKING
340,READING
341,BOARD_GAMES
341,DANCING
341,YOGA
341,PHOTOGRAPHY
341,SPORTS
341,WRITING
342,YOGA
342,ANIMALS
342,ART
342,MUSIC
342,READING
342,MOVIES
343,ANIMALS
344,TRAVEL
344,VOLUNTEERING
344,SPORTS
344,READING
344,MUSIC
344,GAMING
345,TRAVEL
345,VOLUNTEERING
346,SPORTS
346,ANIMALS
346,WRITING
347,FITNESS
347,ART
347,ANIMALS
347,VOLUNTEERING
348,YOGA
348,HIKING
349,FASHION
350,MUSIC
350,YOGA
350,MOVIES
350,FITNESS
350,TRAVEL
350,FASHION
351,ART
351,FASHION
351,WRITING
351,TRAVEL
352,HIKING
352,GAMING
352,WRITING
352,MOVIES
352,PHOTOGRAPHY
353,TECHNOLOGY
353,COOKING
353,READING
353,DANCING
354,WRITING
354,TRAVEL
354,TECHNOLOGY
354,FITNESS
354,HIKING
355,PHOTOGRAPHY
355,ANIMALS
356,FITNESS
356,VOLUNTEERING
357,MUSIC
357,BOARD_GAMES
358,FITNESS
359,GAMING
359,READING
359,SPORTS
359,FASHION
360,FITNESS
361,ART
361,READING
361,VOLUNTEERING
362,VOLUNTEERING
362,ART
362,PHOTOGRAPHY
362,DANCING
362,MOVIES
362,MUSIC
363,HIKING
363,GARDENING
363,FITNESS
363,TECHNOLOGY
364,GARDENING
364,MOVIES
364,VOLUNTEERING
364,GAMING
365,BOARD_GAMES
365,WRITING
366,GARDENING
366,TRAVEL
366,TECHNOLOGY
366,GAMING
366,PHOTOGRAPHY
366,YOGA
367,MOVIES
367,FITNESS
367,FASHION
368,GARDENING
368,DANCING
368,YOGA
368,SPORTS
369,HIKING
369,GARDENING
369,MOVIES
369,GAMING
369,PHOTOGRAPHY
369,ART
370,COOKING
370,HIKING
370,MUSIC
370,BOARD_GAMES
370,TRAVEL
370,FITNESS
371,COOKING
372,MOVIES
372,WRITING
373,BOARD_GAMES
374,ART
374,FITNESS
374,GARDENING
374,MOVIES
374,FASHION
374,READING
375,COOKING
375,VOLUNTEERING
375,HIKING
375,SPORTS
375,GARDENING
375,TECHNOLOGY
376,TECHNOLOGY
376,BOARD_GAMES
376,ART
376,DANCING
376,PHOTOGRAPHY
377,FASHION
377,HIKING
377,TECHNOLOGY
377,PHOTOGRAPHY
378,READING
378,COOKING
378,GAMING
378,FASHION
378,WRITING
378,BOARD_GAMES
379,VOLUNTEERING
379,YOGA
379,WRITING
379,TRAVEL
379,TECHNOLOGY
380,ART
380,GARDENING
380,HIKING
381,SPORTS
381,COOKING
381,TRAVEL
381,FASHION
381,BOARD_GAMES
381,ANIMALS
382,GARDENING
382,VOLUNTEERING
382,TRAVEL
382,HIKING
382,WRITING
383,COOKING
383,READING
383,MUSIC
383,HIKING
384,TRAVEL
384,TECHNOLOGY
384,ART
384,MOVIES
384,GARDENING
385,GAMING
385,ART
385,TECHNOLOGY
386,VOLUNTEERING
386,MUSIC
387,FASHION
387,VOLUNTEERING
387,MOVIES
387,WRITING
388,VOLUNTEERING
388,GAMING
388,WRITING
388,FITNESS
389,ART
389,FITNESS
389,TRAVEL
389,FASHION
389,GARDENING
389,HIKING
390,COOKING
390,FASHION
391,VOLUNTEERING
391,FITNESS
392,VOLUNTEERING
392,ART
392,HIKING
392,FITNESS
393,YOGA
393,ART
393,WRITING
393,GARDENING
394,FASHION
394,PHOTOGRAPHY
395,ART
395,DANCING
396,FASHION
396,HIKING
396,GARDENING
396,SPORTS
397,MUSIC
397,WRITING
397,VOLUNTEERING
398,PHOTOGRAPHY
399,ART
399,FASHION
400,FASHION
400,GARDENING
400,SPORTS
400,READING
401,SPORTS
401,VOLUNTEERING
401,COOKING
401,HIKING
401,PHOTOGRAPHY
402,ANIMALS
402,HIKING
403,MOVIES
403,HIKING
403,PHOTOGRAPHY
403,YOGA
403,FITNESS
403,GARDENING
404,GAMING
404,WRITING
404,YOGA
405,ART
405,BOARD_GAMES
405,FITNESS
406,TECHNOLOGY
406,GARDENING
406,ANIMALS
407,FASHION
407,PHOTOGRAPHY
408,WRITING
408,MOVIES
408,PHOTOGRAPHY
408,BOARD_GAMES
409,MUSIC
409,GARDENING
410,COOKING
410,BOARD_GAMES
410,DANCING
410,ART
410,FASHION
411,VOLUNTEERING
412,MUSIC
412,TECHNOLOGY
412,WRITING
412,TRAVEL
412,COOKING
412,PHOTOGRAPHY
413,COOKING
413,GARDENING
413,PHOTOGRAPHY
413,WRITING
414,MOVIES
414,GAMING
414,HIKING
414,TECHNOLOGY
415,ANIMALS
415,SPORTS
415,DANCING
415,YOGA
415,WRITING
416,SPORTS
416,YOGA
416,GARDENING
417,ART
418,READING
418,MOVIES
418,COOKING
418,FASHION
419,TECHNOLOGY
419,WRITING
420,TECHNOLOGY
420,HIKING
420,ANIMALS
420,BOARD_GAMES
421,DANCING
421,TECHNOLOGY
421,GAMING
421,ART
422,ANIMALS
422,READING
422,TRAVEL
423,YOGA
423,READING
423,DANCING
423,FASHION
423,FITNESS
424,VOLUNTEERING
424,GARDENING
425,READING
425,WRITING
425,COOKING
425,ART
426,FASHION
426,HIKING
427,WRITING
427,MOVIES
427,ART
427,MUSIC
427,TRAVEL
428,HIKING
428,READING
428,BOARD_GAMES
428,GARDENING
428,SPORTS
429,BOARD_GAMES
429,MOVIES
429,TRAVEL
429,VOLUNTEERING
429,READING
430,ART
430,VOLUNTEERING
430,DANCING
431,DANCING
431,MUSIC
431,COOKING
432,READING
432,FITNESS
432,ANIMALS
432,COOKING
433,PHOTOGRAPHY
433,MOVIES
433,ANIMALS
433,ART
433,YOGA
433,FITNESS
434,TECHNOLOGY
434,COOKING
434,TRAVEL
434,HIKING
434,GAMING
435,FITNESS
435,TRAVEL
435,WRITING
435,HIKING
435,DANCING
436,FITNESS
436,SPORTS
437,VOLUNTEERING
438,VOLUNTEERING
438,FASHION
438,TRAVEL
438,HIKING
438,COOKING
439,ART
439,WRITING
440,YOGA
440,VOLUNTEERING
441,TECHNOLOGY
441,ANIMALS
441,GARDENING
441,MOVIES
441,ART
442,READING
442,TECHNOLOGY
442,COOKING
443,HIKING
443,READING
444,GAMING
444,VOLUNTEERING
444,YOGA
445,WRITING
445,DANCING
445,TRAVEL
445,FASHION
445,READING
446,PHOTOGRAPHY
446,GARDENING
447,TRAVEL
448,YOGA
448,FASHION
448,TECHNOLOGY
449,DANCING
450,FITNESS
451,TRAVEL
451,VOLUNTEERING
451,GARDENING
451,YOGA
451,ART
452,HIKING
452,TRAVEL
452,DANCING
452,VOLUNTEERING
452,GARDENING
453,WRITING
453,GARDENING
453,YOGA
454,FASHION
454,ANIMALS
454,READING
454,GARDENING
455,MOVIES
456,WRITING
456,TRAVEL
456,GAMING
456,GARDENING
456,PHOTOGRAPHY
456,MUSIC
457,YOGA
457,VOLUNTEERING
457,TRAVEL
457,BOARD_GAMES
458,MUSIC
458,HIKING
459,SPORTS
459,ANIMALS
459,DANCING
459,HIKING
459,FITNESS
460,YOGA
460,MUSIC
460,FITNESS
461,YOGA
461,TECHNOLOGY
462,TECHNOLOGY
462,READING
462,FITNESS
462,TRAVEL
462,GAMING
463,SPORTS
463,GAMING
463,FITNESS
463,MOVIES
464,HIKING
464,VOLUNTEERING
465,VOLUNTEERING
465,MOVIES
465,WRITING
465,BOARD_GAMES
466,TRAVEL
467,COOKING
467,FASHION
468,ART
469,VOLUNTEERING
469,ART
469,SPORTS
469,HIKING
470,MUSIC
470,TRAVEL
470,WRITING
471,VOLUNTEERING
471,TRAVEL
471,DANCING
471,FITNESS
471,SPORTS
472,PHOTOGRAPHY
473,GARDENING
473,FASHION
473,ART
474,MUSIC
474,FASHION
474,GARDENING
474,VOLUNTEERING
475,PHOTOGRAPHY
475,GARDENING
475,GAMING
475,ANIMALS
476,MUSIC
476,FITNESS
477,MOVIES
477,TRAVEL
478,COOKING
478,MUSIC
478,HIKING
479,WRITING
479,FITNESS
480,COOKING
480,TRAVEL
481,FITNESS
481,YOGA
481,MUSIC
482,TRAVEL
482,PHOTOGRAPHY
482,MUSIC
482,FITNESS
483,DANCING
483,FASHION
483,HIKING
483,VOLUNTEERING
483,GARDENING
484,SPORTS
484,COOKING
484,VOLUNTEERING
485,PHOTOGRAPHY
485,MUSIC
485,TRAVEL
485,BOARD_GAMES
485,SPORTS
485,COOKING
486,SPORTS
486,MOVIES
487,READING
487,GAMING
488,MUSIC
488,SPORTS
488,YOGA
489,FITNESS
489,READING
489,DANCING
490,WRITING
490,SPORTS
490,ANIMALS
491,FASHION
491,READING
491,GAMING
491,MOVIES
491,TRAVEL
492,TECHNOLOGY
492,WRITING
492,HIKING
492,DANCING
493,YOGA
493,WRITING
494,ANIMALS
494,GARDENING
494,YOGA
494,FITNESS
495,VOLUNTEERING
495,WRITING
495,PHOTOGRAPHY
495,HIKING
495,MUSIC
496,YOGA
496,COOKING
496,GARDENING
496,ANIMALS
497,GAMING
497,HIKING
497,ART
497,PHOTOGRAPHY
498,DANCING
498,MOVIES
498,VOLUNTEERING
498,PHOTOGRAPHY
498,GARDENING
499,FITNESS
499,SPORTS
499,DANCING
499,VOLUNTEERING
499,ANIMALS
500,READING
500,MOVIES
500,PHOTOGRAPHY
500,YOGA
500,SPORTS
500,MUSIC
