id,email,username,password,first_name,last_name,is_verified,last_login_at
1,mcompton@chan.com,alexander04,$2a$12$rnkUyvucz57dX7HK6enXL.hSeIlwE83Dr8xg3lotFACPHaSdDSuqW,James,Ford,true,2025-02-05 11:27:22
2,jacob04@johnson-mclean.org,forbesbailey,$2a$12$rnkUyvucz57dX7HK6enXL.hSeIlwE83Dr8xg3lotFACPHaSdDSuqW,Mark,Miller,true,2025-01-16 11:54:52
3,joseph41@yahoo.com,davisjennifer,$2a$12$rnkUyvucz57dX7HK6enXL.hSeIlwE83Dr8xg3lotFACPHaSdDSuqW,Elizabeth,Goodman,true,2025-02-09 15:23:58
4,powelljulie@gmail.com,emiles,$2a$12$rnkUyvucz57dX7HK6enXL.hSeIlwE83Dr8xg3lotFACPHaSdDSuqW,Dave,Richardson,true,
5,johnny99@hotmail.com,jameshicks,$2a$12$rnkUyvucz57dX7HK6enXL.hSeIlwE83Dr8xg3lotFACPHaSdDSuqW,Heidi,Woods,true,
6,jessica09@johnson.com,mcdonaldjames,$2a$12$rnkUyvucz57dX7HK6enXL.hSeIlwE83Dr8xg3lotFACPHaSdDSuqW,Ann,Hickman,true,2025-01-07 20:02:07
7,amberneal@mcdaniel.com,kellyhamilton,$2a$12$rnkUyvucz57dX7HK6enXL.hSeIlwE83Dr8xg3lotFACPHaSdDSuqW,James,Mack,true,2025-01-24 23:09:37
8,jessica96@gmail.com,stacy95,$2a$12$rnkUyvucz57dX7HK6enXL.hSeIlwE83Dr8xg3lotFACPHaSdDSuqW,Brittany,Thomas,true,
9,tbooth@hotmail.com,vmendez,$2a$12$rnkUyvucz57dX7HK6enXL.hSeIlwE83Dr8xg3lotFACPHaSdDSuqW,Michael,Vaughn,true,2025-01-16 12:41:07
10,jonesrandy@hotmail.com,pughcindy,$2a$12$rnkUyvucz57dX7HK6enXL.hSeIlwE83Dr8xg3lotFACPHaSdDSuqW,Jasmine,Johnson,true,2025-01-28 16:41:27
11,danny46@yahoo.com,amber64,$2a$12$rnkUyvucz57dX7HK6enXL.hSeIlwE83Dr8xg3lotFACPHaSdDSuqW,Diane,Hancock,true,2025-01-10 18:43:03
12,juan72@herring.biz,kristen07,$2a$12$rnkUyvucz57dX7HK6enXL.hSeIlwE83Dr8xg3lotFACPHaSdDSuqW,Eric,Lopez,true,2025-01-14 00:25:35
13,jennifer86@chase-huynh.com,mosleyjane,$2a$12$rnkUyvucz57dX7HK6enXL.hSeIlwE83Dr8xg3lotFACPHaSdDSuqW,Andrew,Fox,true,2025-01-15 15:51:28
14,akennedy@wang.com,davidcrawford,$2a$12$rnkUyvucz57dX7HK6enXL.hSeIlwE83Dr8xg3lotFACPHaSdDSuqW,Barbara,Cooper,true,
15,andrew11@martin.info,davidwilliams,$2a$12$rnkUyvucz57dX7HK6enXL.hSeIlwE83Dr8xg3lotFACPHaSdDSuqW,Carmen,Barnes,true,2025-01-24 09:00:01
16,joseph99@clarke.org,jharrison,$2a$12$rnkUyvucz57dX7HK6enXL.hSeIlwE83Dr8xg3lotFACPHaSdDSuqW,Jessica,Reese,true,
17,samantha45@gmail.com,saundersdebbie,$2a$12$rnkUyvucz57dX7HK6enXL.hSeIlwE83Dr8xg3lotFACPHaSdDSuqW,Jon,Ochoa,true,
18,curtisbrown@smith-arnold.com,hbecker,$2a$12$rnkUyvucz57dX7HK6enXL.hSeIlwE83Dr8xg3lotFACPHaSdDSuqW,Tyler,Riley,true,
19,ugarcia@young.net,jstein,$2a$12$rnkUyvucz57dX7HK6enXL.hSeIlwE83Dr8xg3lotFACPHaSdDSuqW,Karen,Robinson,true,2025-01-22 17:34:37
20,michaelhoward@hotmail.com,rayjessica,$2a$12$rnkUyvucz57dX7HK6enXL.hSeIlwE83Dr8xg3lotFACPHaSdDSuqW,Susan,Robinson,true,2025-01-10 15:54:45
21,danmedina@pope-ward.biz,scott52,$2a$12$rnkUyvucz57dX7HK6enXL.hSeIlwE83Dr8xg3lotFACPHaSdDSuqW,Shelby,Carter,true,2025-02-01 02:08:09
22,joshuaanderson@flores-hartman.net,karen36,$2a$12$rnkUyvucz57dX7HK6enXL.hSeIlwE83Dr8xg3lotFACPHaSdDSuqW,Bradley,Nicholson,true,2025-01-03 06:49:42
23,brian52@taylor-clark.com,samanthaperez,$2a$12$rnkUyvucz57dX7HK6enXL.hSeIlwE83Dr8xg3lotFACPHaSdDSuqW,Rita,Haynes,true,
24,pnguyen@beasley-smith.com,donna13,$2a$12$rnkUyvucz57dX7HK6enXL.hSeIlwE83Dr8xg3lotFACPHaSdDSuqW,David,Jackson,true,
25,danielle35@hotmail.com,chadgonzalez,$2a$12$rnkUyvucz57dX7HK6enXL.hSeIlwE83Dr8xg3lotFACPHaSdDSuqW,Danielle,Castro,true,2025-01-14 07:52:57
26,johnjohnson@sanchez.info,rbrown,$2a$12$rnkUyvucz57dX7HK6enXL.hSeIlwE83Dr8xg3lotFACPHaSdDSuqW,Jennifer,Harris,true,
27,huntbryan@kim-harmon.com,melissa96,$2a$12$rnkUyvucz57dX7HK6enXL.hSeIlwE83Dr8xg3lotFACPHaSdDSuqW,Diana,Gallegos,true,2025-01-25 02:22:22
28,vernongreer@gmail.com,jacob09,$2a$12$rnkUyvucz57dX7HK6enXL.hSeIlwE83Dr8xg3lotFACPHaSdDSuqW,Carolyn,Marquez,true,2025-01-22 03:47:02
29,stevengraham@hotmail.com,torresjulia,$2a$12$rnkUyvucz57dX7HK6enXL.hSeIlwE83Dr8xg3lotFACPHaSdDSuqW,Brandy,Eaton,true,2025-01-19 03:29:13
30,flee@hotmail.com,nedwards,$2a$12$rnkUyvucz57dX7HK6enXL.hSeIlwE83Dr8xg3lotFACPHaSdDSuqW,Mark,Santos,true,2025-02-06 22:23:12
31,matthewsgrace@hughes.com,charlesbrandy,$2a$12$rnkUyvucz57dX7HK6enXL.hSeIlwE83Dr8xg3lotFACPHaSdDSuqW,Paula,Stephens,true,2025-01-22 20:52:15
32,bdixon@yahoo.com,littlejennifer,$2a$12$rnkUyvucz57dX7HK6enXL.hSeIlwE83Dr8xg3lotFACPHaSdDSuqW,Thomas,Peters,true,2025-01-01 00:05:34
33,stevenolson@gmail.com,fred19,$2a$12$rnkUyvucz57dX7HK6enXL.hSeIlwE83Dr8xg3lotFACPHaSdDSuqW,Aaron,Young,true,2025-02-01 18:22:48
34,flara@hotmail.com,brennaneric,$2a$12$rnkUyvucz57dX7HK6enXL.hSeIlwE83Dr8xg3lotFACPHaSdDSuqW,Katrina,Nelson,true,2025-01-20 02:33:28
35,phillipsscott@yahoo.com,donnarivera,$2a$12$rnkUyvucz57dX7HK6enXL.hSeIlwE83Dr8xg3lotFACPHaSdDSuqW,Sandra,Barber,true,2025-01-29 02:51:17
36,bridgetandersen@gmail.com,hjackson,$2a$12$rnkUyvucz57dX7HK6enXL.hSeIlwE83Dr8xg3lotFACPHaSdDSuqW,Kyle,Stewart,true,2025-01-10 07:07:05
37,pamela15@dickerson.com,benjamin01,$2a$12$rnkUyvucz57dX7HK6enXL.hSeIlwE83Dr8xg3lotFACPHaSdDSuqW,Deborah,Faulkner,true,
38,dwolfe@yahoo.com,marshkayla,$2a$12$rnkUyvucz57dX7HK6enXL.hSeIlwE83Dr8xg3lotFACPHaSdDSuqW,David,Nixon,true,
39,wwilliams@hotmail.com,kelsey16,$2a$12$rnkUyvucz57dX7HK6enXL.hSeIlwE83Dr8xg3lotFACPHaSdDSuqW,Eric,Stewart,true,2025-01-30 02:35:41
40,matthewrobinson@gmail.com,davidmiller,$2a$12$rnkUyvucz57dX7HK6enXL.hSeIlwE83Dr8xg3lotFACPHaSdDSuqW,Kara,Mosley,true,2025-01-12 13:47:37
41,james35@hotmail.com,castillozachary,$2a$12$rnkUyvucz57dX7HK6enXL.hSeIlwE83Dr8xg3lotFACPHaSdDSuqW,Marcus,Graham,true,2025-02-06 16:43:52
42,cathyconrad@jimenez.info,raymondcantrell,$2a$12$rnkUyvucz57dX7HK6enXL.hSeIlwE83Dr8xg3lotFACPHaSdDSuqW,Andrea,Chandler,true,2025-01-31 10:32:39
43,maryvaughan@hotmail.com,cynthiajackson,$2a$12$rnkUyvucz57dX7HK6enXL.hSeIlwE83Dr8xg3lotFACPHaSdDSuqW,Gregory,Grant,true,
44,ecalderon@owens.com,debra78,$2a$12$rnkUyvucz57dX7HK6enXL.hSeIlwE83Dr8xg3lotFACPHaSdDSuqW,Matthew,Brown,true,2025-01-13 17:20:38
45,jonesjoshua@hotmail.com,ejohnson,$2a$12$rnkUyvucz57dX7HK6enXL.hSeIlwE83Dr8xg3lotFACPHaSdDSuqW,Kyle,Goodman,true,2025-01-09 07:21:16
46,oburns@hotmail.com,smithcarrie,$2a$12$rnkUyvucz57dX7HK6enXL.hSeIlwE83Dr8xg3lotFACPHaSdDSuqW,David,Wilson,true,2025-01-24 06:31:32
47,alanbailey@gutierrez-molina.com,michael50,$2a$12$rnkUyvucz57dX7HK6enXL.hSeIlwE83Dr8xg3lotFACPHaSdDSuqW,Shane,Cross,true,
48,esimmons@sexton-tucker.com,annjackson,$2a$12$rnkUyvucz57dX7HK6enXL.hSeIlwE83Dr8xg3lotFACPHaSdDSuqW,Darrell,Wilkins,true,2025-01-23 00:56:24
49,kelli10@yahoo.com,ochoastefanie,$2a$12$rnkUyvucz57dX7HK6enXL.hSeIlwE83Dr8xg3lotFACPHaSdDSuqW,Jeffery,Burton,true,2025-02-06 13:19:26
50,hgarcia@gmail.com,dicksonmary,$2a$12$rnkUyvucz57dX7HK6enXL.hSeIlwE83Dr8xg3lotFACPHaSdDSuqW,Debra,Owens,true,
51,thomaskrista@yahoo.com,jose77,$2a$12$rnkUyvucz57dX7HK6enXL.hSeIlwE83Dr8xg3lotFACPHaSdDSuqW,Tiffany,Espinoza,true,
52,alexaking@flores.org,rlin,$2a$12$rnkUyvucz57dX7HK6enXL.hSeIlwE83Dr8xg3lotFACPHaSdDSuqW,Roy,Nash,true,2025-01-17 00:00:37
53,younglawrence@yahoo.com,thomas19,$2a$12$rnkUyvucz57dX7HK6enXL.hSeIlwE83Dr8xg3lotFACPHaSdDSuqW,John,Hardin,true,2025-01-10 00:27:08
54,holly41@yahoo.com,tara06,$2a$12$rnkUyvucz57dX7HK6enXL.hSeIlwE83Dr8xg3lotFACPHaSdDSuqW,Leslie,Waters,true,2025-01-09 08:43:48
55,brandoncardenas@hotmail.com,terrellmichael,$2a$12$rnkUyvucz57dX7HK6enXL.hSeIlwE83Dr8xg3lotFACPHaSdDSuqW,Jennifer,Sanders,true,2025-01-04 04:04:20
56,morrowjoseph@gmail.com,karaschwartz,$2a$12$rnkUyvucz57dX7HK6enXL.hSeIlwE83Dr8xg3lotFACPHaSdDSuqW,Lynn,Evans,true,2025-01-17 18:45:27
57,thompsondavid@yahoo.com,weissryan,$2a$12$rnkUyvucz57dX7HK6enXL.hSeIlwE83Dr8xg3lotFACPHaSdDSuqW,Jessica,Simpson,true,
58,brianwilliams@jensen.net,brad32,$2a$12$rnkUyvucz57dX7HK6enXL.hSeIlwE83Dr8xg3lotFACPHaSdDSuqW,Tyler,Brooks,true,
59,denise02@hotmail.com,taylorjesse,$2a$12$rnkUyvucz57dX7HK6enXL.hSeIlwE83Dr8xg3lotFACPHaSdDSuqW,Chad,Gomez,true,2025-01-23 04:32:36
60,timothyparker@ray.info,emmawilliams,$2a$12$rnkUyvucz57dX7HK6enXL.hSeIlwE83Dr8xg3lotFACPHaSdDSuqW,Susan,Wright,true,2025-01-25 05:51:20
61,joshua96@yahoo.com,gregory58,$2a$12$rnkUyvucz57dX7HK6enXL.hSeIlwE83Dr8xg3lotFACPHaSdDSuqW,Christine,Nelson,true,
62,ftran@gmail.com,adrian06,$2a$12$rnkUyvucz57dX7HK6enXL.hSeIlwE83Dr8xg3lotFACPHaSdDSuqW,Chad,Ortiz,true,2025-01-10 07:51:58
63,mark33@gmail.com,srogers,$2a$12$rnkUyvucz57dX7HK6enXL.hSeIlwE83Dr8xg3lotFACPHaSdDSuqW,Jeremy,Gibson,true,2025-01-24 01:49:35
64,gloverjavier@robles.net,vaughncolin,$2a$12$rnkUyvucz57dX7HK6enXL.hSeIlwE83Dr8xg3lotFACPHaSdDSuqW,Bruce,Lamb,true,2025-01-26 12:29:26
65,christina14@kelley.com,amyprince,$2a$12$rnkUyvucz57dX7HK6enXL.hSeIlwE83Dr8xg3lotFACPHaSdDSuqW,Jason,Torres,true,
66,vmontoya@hotmail.com,ycarson,$2a$12$rnkUyvucz57dX7HK6enXL.hSeIlwE83Dr8xg3lotFACPHaSdDSuqW,Sonya,Velazquez,true,2025-01-09 16:36:51
67,gbrown@hotmail.com,nicholas02,$2a$12$rnkUyvucz57dX7HK6enXL.hSeIlwE83Dr8xg3lotFACPHaSdDSuqW,James,Wilson,true,2025-01-24 23:02:45
68,joshua20@gmail.com,zbarajas,$2a$12$rnkUyvucz57dX7HK6enXL.hSeIlwE83Dr8xg3lotFACPHaSdDSuqW,Lisa,Ortiz,true,
69,srodriguez@gmail.com,turnerryan,$2a$12$rnkUyvucz57dX7HK6enXL.hSeIlwE83Dr8xg3lotFACPHaSdDSuqW,Jane,King,true,
70,gonzaleztammy@hotmail.com,smorgan,$2a$12$rnkUyvucz57dX7HK6enXL.hSeIlwE83Dr8xg3lotFACPHaSdDSuqW,Melinda,Lee,true,2025-01-27 09:57:13
71,comptonaaron@wright.org,adambruce,$2a$12$rnkUyvucz57dX7HK6enXL.hSeIlwE83Dr8xg3lotFACPHaSdDSuqW,Jennifer,Hill,true,2025-02-07 01:04:08
72,robinanderson@simpson.com,dmichael,$2a$12$rnkUyvucz57dX7HK6enXL.hSeIlwE83Dr8xg3lotFACPHaSdDSuqW,Sarah,Mclean,true,2025-01-12 04:40:39
73,xharris@hotmail.com,jared18,$2a$12$rnkUyvucz57dX7HK6enXL.hSeIlwE83Dr8xg3lotFACPHaSdDSuqW,Julie,Gonzales,true,
74,adam45@porter.com,johnmichael,$2a$12$rnkUyvucz57dX7HK6enXL.hSeIlwE83Dr8xg3lotFACPHaSdDSuqW,Tonya,Brennan,true,2025-01-03 18:11:36
75,tmoreno@hotmail.com,amy02,$2a$12$rnkUyvucz57dX7HK6enXL.hSeIlwE83Dr8xg3lotFACPHaSdDSuqW,Christine,Harvey,true,
76,palmertaylor@yahoo.com,cruzsara,$2a$12$rnkUyvucz57dX7HK6enXL.hSeIlwE83Dr8xg3lotFACPHaSdDSuqW,Katherine,Hess,true,2025-02-08 05:39:05
77,nelsonrebecca@mullins-white.biz,nancybridges,$2a$12$rnkUyvucz57dX7HK6enXL.hSeIlwE83Dr8xg3lotFACPHaSdDSuqW,Janet,Stone,true,2025-01-29 09:17:40
78,aallen@yahoo.com,phoward,$2a$12$rnkUyvucz57dX7HK6enXL.hSeIlwE83Dr8xg3lotFACPHaSdDSuqW,Theresa,Fernandez,true,2025-01-31 02:26:14
79,rodriguezbrian@castro.com,carrrichard,$2a$12$rnkUyvucz57dX7HK6enXL.hSeIlwE83Dr8xg3lotFACPHaSdDSuqW,Steven,Burgess,true,
80,patriciasnyder@gmail.com,brandonsanchez,$2a$12$rnkUyvucz57dX7HK6enXL.hSeIlwE83Dr8xg3lotFACPHaSdDSuqW,Johnny,Randolph,true,2025-01-01 15:22:48
81,brian83@bowers-hardin.com,rodney06,$2a$12$rnkUyvucz57dX7HK6enXL.hSeIlwE83Dr8xg3lotFACPHaSdDSuqW,Jane,Carter,true,2025-01-03 08:27:49
82,karen01@turner.com,carriedawson,$2a$12$rnkUyvucz57dX7HK6enXL.hSeIlwE83Dr8xg3lotFACPHaSdDSuqW,Caroline,Brown,true,
83,jack97@davis.org,angelasmith,$2a$12$rnkUyvucz57dX7HK6enXL.hSeIlwE83Dr8xg3lotFACPHaSdDSuqW,Robert,Dominguez,true,
84,susanpope@thompson.com,darren40,$2a$12$rnkUyvucz57dX7HK6enXL.hSeIlwE83Dr8xg3lotFACPHaSdDSuqW,Megan,Sharp,true,
85,alejandrorodriguez@hotmail.com,cooperchristopher,$2a$12$rnkUyvucz57dX7HK6enXL.hSeIlwE83Dr8xg3lotFACPHaSdDSuqW,Amy,Henderson,true,2025-02-06 19:37:09
86,rguerrero@rodriguez.com,ashleygrant,$2a$12$rnkUyvucz57dX7HK6enXL.hSeIlwE83Dr8xg3lotFACPHaSdDSuqW,Austin,Williams,true,
87,susan61@martinez-dalton.info,qthomas,$2a$12$rnkUyvucz57dX7HK6enXL.hSeIlwE83Dr8xg3lotFACPHaSdDSuqW,Kevin,Key,true,2025-01-22 17:11:59
88,jacksoncesar@lewis.com,michellewilliams,$2a$12$rnkUyvucz57dX7HK6enXL.hSeIlwE83Dr8xg3lotFACPHaSdDSuqW,Danielle,Garcia,true,2025-01-01 14:05:37
89,tracy94@hayes.info,danielhall,$2a$12$rnkUyvucz57dX7HK6enXL.hSeIlwE83Dr8xg3lotFACPHaSdDSuqW,Joseph,Thomas,true,2025-01-05 05:55:57
90,carloswest@gallegos.com,hodgestrevor,$2a$12$rnkUyvucz57dX7HK6enXL.hSeIlwE83Dr8xg3lotFACPHaSdDSuqW,Stacey,Oliver,true,
91,coxjessica@jenkins.biz,alexander74,$2a$12$rnkUyvucz57dX7HK6enXL.hSeIlwE83Dr8xg3lotFACPHaSdDSuqW,Devon,Elliott,true,2025-01-12 11:51:37
92,susanarnold@gmail.com,johnsilva,$2a$12$rnkUyvucz57dX7HK6enXL.hSeIlwE83Dr8xg3lotFACPHaSdDSuqW,Brandon,Vance,true,2025-01-29 01:44:14
93,brice@yahoo.com,williamholt,$2a$12$rnkUyvucz57dX7HK6enXL.hSeIlwE83Dr8xg3lotFACPHaSdDSuqW,Denise,Wright,true,2025-01-01 11:05:06
94,ocook@keller-moore.com,maurice28,$2a$12$rnkUyvucz57dX7HK6enXL.hSeIlwE83Dr8xg3lotFACPHaSdDSuqW,Heather,Callahan,true,
95,eddie17@johnson-allen.org,francisco80,$2a$12$rnkUyvucz57dX7HK6enXL.hSeIlwE83Dr8xg3lotFACPHaSdDSuqW,Amber,Cox,true,2025-01-17 11:22:55
96,judy22@perez.com,medinalori,$2a$12$rnkUyvucz57dX7HK6enXL.hSeIlwE83Dr8xg3lotFACPHaSdDSuqW,Carl,Anderson,true,2025-01-31 07:52:16
97,smithchristian@gibson.info,scott01,$2a$12$rnkUyvucz57dX7HK6enXL.hSeIlwE83Dr8xg3lotFACPHaSdDSuqW,Autumn,Lee,true,2025-01-24 15:44:10
98,ramirezdaniel@pierce-anderson.net,ashleyherring,$2a$12$rnkUyvucz57dX7HK6enXL.hSeIlwE83Dr8xg3lotFACPHaSdDSuqW,Brett,Allen,true,2025-01-11 22:13:53
99,catherinekennedy@harrington.org,donald97,$2a$12$rnkUyvucz57dX7HK6enXL.hSeIlwE83Dr8xg3lotFACPHaSdDSuqW,Crystal,Glover,true,2025-01-07 23:16:59
100,mitchell39@hotmail.com,sheila06,$2a$12$rnkUyvucz57dX7HK6enXL.hSeIlwE83Dr8xg3lotFACPHaSdDSuqW,John,Miller,true,2025-02-09 08:10:50
101,katherine82@hotmail.com,matthew52,$2a$12$rnkUyvucz57dX7HK6enXL.hSeIlwE83Dr8xg3lotFACPHaSdDSuqW,Sheri,Weber,true,
102,ulewis@johnson.net,mrichardson,$2a$12$rnkUyvucz57dX7HK6enXL.hSeIlwE83Dr8xg3lotFACPHaSdDSuqW,Barbara,Washington,true,2025-01-10 02:34:14
103,brandon81@thomas.com,wilsondavid,$2a$12$rnkUyvucz57dX7HK6enXL.hSeIlwE83Dr8xg3lotFACPHaSdDSuqW,Taylor,Davis,true,2025-01-06 06:03:52
104,yfleming@hill.com,jamesbruce,$2a$12$rnkUyvucz57dX7HK6enXL.hSeIlwE83Dr8xg3lotFACPHaSdDSuqW,Hannah,Ware,true,
105,brandi51@yahoo.com,brandi57,$2a$12$rnkUyvucz57dX7HK6enXL.hSeIlwE83Dr8xg3lotFACPHaSdDSuqW,Carmen,Elliott,true,
106,davidgomez@williams.com,michael54,$2a$12$rnkUyvucz57dX7HK6enXL.hSeIlwE83Dr8xg3lotFACPHaSdDSuqW,Elizabeth,Navarro,true,
107,harrisanna@gmail.com,laurengarza,$2a$12$rnkUyvucz57dX7HK6enXL.hSeIlwE83Dr8xg3lotFACPHaSdDSuqW,Amber,Miller,true,2025-02-03 19:51:45
108,davidhall@morales.org,hharris,$2a$12$rnkUyvucz57dX7HK6enXL.hSeIlwE83Dr8xg3lotFACPHaSdDSuqW,Robert,Payne,true,2025-02-03 16:48:39
109,pittmanmichael@gmail.com,michelle46,$2a$12$rnkUyvucz57dX7HK6enXL.hSeIlwE83Dr8xg3lotFACPHaSdDSuqW,John,Hudson,true,2025-01-09 06:07:53
110,robert30@gmail.com,carterclaudia,$2a$12$rnkUyvucz57dX7HK6enXL.hSeIlwE83Dr8xg3lotFACPHaSdDSuqW,William,Gordon,true,2025-02-01 06:10:33
111,ashleypeck@dunlap.biz,thomas54,$2a$12$rnkUyvucz57dX7HK6enXL.hSeIlwE83Dr8xg3lotFACPHaSdDSuqW,Sheila,Arellano,true,2025-01-04 19:49:16
112,pmartin@lynch.org,humphreyryan,$2a$12$rnkUyvucz57dX7HK6enXL.hSeIlwE83Dr8xg3lotFACPHaSdDSuqW,Michelle,Nielsen,true,
113,jacquelinemartin@wilson.com,craymond,$2a$12$rnkUyvucz57dX7HK6enXL.hSeIlwE83Dr8xg3lotFACPHaSdDSuqW,Gary,Mcdonald,true,2025-01-21 01:11:06
114,reginaldsanchez@yahoo.com,chad20,$2a$12$rnkUyvucz57dX7HK6enXL.hSeIlwE83Dr8xg3lotFACPHaSdDSuqW,Yvette,Garcia,true,2025-01-01 17:45:28
115,zarroyo@hotmail.com,kimberlysaunders,$2a$12$rnkUyvucz57dX7HK6enXL.hSeIlwE83Dr8xg3lotFACPHaSdDSuqW,Nicholas,Blackburn,true,2025-01-10 14:10:58
116,anthonygibson@kelly-james.info,justin04,$2a$12$rnkUyvucz57dX7HK6enXL.hSeIlwE83Dr8xg3lotFACPHaSdDSuqW,Kelsey,Lynch,true,2025-01-08 14:20:37
117,xwatson@yahoo.com,ghoffman,$2a$12$rnkUyvucz57dX7HK6enXL.hSeIlwE83Dr8xg3lotFACPHaSdDSuqW,Steve,Chapman,true,
118,kaylajensen@hale.com,russellmary,$2a$12$rnkUyvucz57dX7HK6enXL.hSeIlwE83Dr8xg3lotFACPHaSdDSuqW,Richard,Dunn,true,
119,joshua40@harris.net,jacqueline89,$2a$12$rnkUyvucz57dX7HK6enXL.hSeIlwE83Dr8xg3lotFACPHaSdDSuqW,Robert,Giles,true,
120,eric12@evans.com,david33,$2a$12$rnkUyvucz57dX7HK6enXL.hSeIlwE83Dr8xg3lotFACPHaSdDSuqW,Jennifer,Powers,true,2025-01-24 15:08:48
121,shafferamanda@page.com,emilybrooks,$2a$12$rnkUyvucz57dX7HK6enXL.hSeIlwE83Dr8xg3lotFACPHaSdDSuqW,Victor,Ellison,true,2025-02-07 23:41:42
122,timothylowe@hernandez-salazar.org,basscindy,$2a$12$rnkUyvucz57dX7HK6enXL.hSeIlwE83Dr8xg3lotFACPHaSdDSuqW,Kristy,Mitchell,true,2025-02-08 23:45:12
123,nhernandez@yahoo.com,bsalas,$2a$12$rnkUyvucz57dX7HK6enXL.hSeIlwE83Dr8xg3lotFACPHaSdDSuqW,Hunter,Carrillo,true,2025-02-07 21:28:44
124,lindsey90@ramirez.net,hunterchristina,$2a$12$rnkUyvucz57dX7HK6enXL.hSeIlwE83Dr8xg3lotFACPHaSdDSuqW,Aaron,Anthony,true,
125,heatherhunt@harper.com,sjackson,$2a$12$rnkUyvucz57dX7HK6enXL.hSeIlwE83Dr8xg3lotFACPHaSdDSuqW,David,Young,true,2025-02-09 02:03:01
126,kylewilliams@hotmail.com,donna94,$2a$12$rnkUyvucz57dX7HK6enXL.hSeIlwE83Dr8xg3lotFACPHaSdDSuqW,Alexis,Mendoza,true,2025-01-20 05:31:05
127,selenawilliams@fitzgerald.org,christinabrown,$2a$12$rnkUyvucz57dX7HK6enXL.hSeIlwE83Dr8xg3lotFACPHaSdDSuqW,Jessica,Young,true,
128,marie94@steele.info,vjones,$2a$12$rnkUyvucz57dX7HK6enXL.hSeIlwE83Dr8xg3lotFACPHaSdDSuqW,Tina,Brown,true,2025-01-01 22:10:02
129,maxpowell@browning-reynolds.org,jasonturner,$2a$12$rnkUyvucz57dX7HK6enXL.hSeIlwE83Dr8xg3lotFACPHaSdDSuqW,Adam,Smith,true,2025-01-07 02:13:15
130,ycampbell@mckinney-fernandez.com,wthomas,$2a$12$rnkUyvucz57dX7HK6enXL.hSeIlwE83Dr8xg3lotFACPHaSdDSuqW,Wendy,Cochran,true,2025-01-12 03:03:54
131,jonesemily@webb.org,qcole,$2a$12$rnkUyvucz57dX7HK6enXL.hSeIlwE83Dr8xg3lotFACPHaSdDSuqW,Tracey,Morton,true,2025-01-07 15:26:59
132,hrivera@yahoo.com,amanda45,$2a$12$rnkUyvucz57dX7HK6enXL.hSeIlwE83Dr8xg3lotFACPHaSdDSuqW,Christopher,Olson,true,
133,hullerin@yahoo.com,jacksoncrystal,$2a$12$rnkUyvucz57dX7HK6enXL.hSeIlwE83Dr8xg3lotFACPHaSdDSuqW,Joshua,Waters,true,2025-01-27 00:37:38
134,kim84@harper.com,pstone,$2a$12$rnkUyvucz57dX7HK6enXL.hSeIlwE83Dr8xg3lotFACPHaSdDSuqW,Michelle,Henderson,true,2025-01-21 21:18:25
135,tuckersteve@mcdaniel.com,robert18,$2a$12$rnkUyvucz57dX7HK6enXL.hSeIlwE83Dr8xg3lotFACPHaSdDSuqW,Robert,Chambers,true,2025-01-18 02:55:40
136,mrodriguez@yahoo.com,holmesbrandon,$2a$12$rnkUyvucz57dX7HK6enXL.hSeIlwE83Dr8xg3lotFACPHaSdDSuqW,Alison,Smith,true,
137,josephlopez@yahoo.com,browningmichael,$2a$12$rnkUyvucz57dX7HK6enXL.hSeIlwE83Dr8xg3lotFACPHaSdDSuqW,Michael,Colon,true,2025-02-02 04:02:56
138,aaron00@hotmail.com,whitetheresa,$2a$12$rnkUyvucz57dX7HK6enXL.hSeIlwE83Dr8xg3lotFACPHaSdDSuqW,Patricia,Murray,true,2025-01-15 17:31:42
139,johnsonandrew@love.com,aprilwilliams,$2a$12$rnkUyvucz57dX7HK6enXL.hSeIlwE83Dr8xg3lotFACPHaSdDSuqW,Rebecca,Wagner,true,2025-01-05 04:51:54
140,john46@gmail.com,ajones,$2a$12$rnkUyvucz57dX7HK6enXL.hSeIlwE83Dr8xg3lotFACPHaSdDSuqW,Jennifer,Brown,true,
141,patricia31@gibson-cooper.org,johnsonjoshua,$2a$12$rnkUyvucz57dX7HK6enXL.hSeIlwE83Dr8xg3lotFACPHaSdDSuqW,Brooke,Dickson,true,
142,paynejoseph@gmail.com,jasonsmith,$2a$12$rnkUyvucz57dX7HK6enXL.hSeIlwE83Dr8xg3lotFACPHaSdDSuqW,Dawn,Stuart,true,2025-02-08 08:26:48
143,rowedevon@gmail.com,joannakerr,$2a$12$rnkUyvucz57dX7HK6enXL.hSeIlwE83Dr8xg3lotFACPHaSdDSuqW,Michael,Castro,true,2025-01-30 18:48:57
144,teresaphelps@hotmail.com,oalvarez,$2a$12$rnkUyvucz57dX7HK6enXL.hSeIlwE83Dr8xg3lotFACPHaSdDSuqW,Steven,Greene,true,2025-01-08 05:34:29
145,bsmith@brown.biz,cgonzalez,$2a$12$rnkUyvucz57dX7HK6enXL.hSeIlwE83Dr8xg3lotFACPHaSdDSuqW,Nicole,Jackson,true,2025-01-08 01:14:58
146,idixon@moreno.com,nyoung,$2a$12$rnkUyvucz57dX7HK6enXL.hSeIlwE83Dr8xg3lotFACPHaSdDSuqW,Rebecca,Turner,true,2025-02-02 21:51:30
147,robinalexander@yahoo.com,munozkevin,$2a$12$rnkUyvucz57dX7HK6enXL.hSeIlwE83Dr8xg3lotFACPHaSdDSuqW,Jennifer,Landry,true,
148,melaniewarren@gmail.com,vpeters,$2a$12$rnkUyvucz57dX7HK6enXL.hSeIlwE83Dr8xg3lotFACPHaSdDSuqW,Tony,Shields,true,2025-01-06 13:37:09
149,mcintyrealbert@watson.com,cindy01,$2a$12$rnkUyvucz57dX7HK6enXL.hSeIlwE83Dr8xg3lotFACPHaSdDSuqW,Amanda,Anderson,true,2025-01-27 01:25:46
150,lisahogan@yahoo.com,wsmith,$2a$12$rnkUyvucz57dX7HK6enXL.hSeIlwE83Dr8xg3lotFACPHaSdDSuqW,Shannon,Barnett,true,2025-01-04 15:44:01
151,aestrada@giles.com,christina37,$2a$12$rnkUyvucz57dX7HK6enXL.hSeIlwE83Dr8xg3lotFACPHaSdDSuqW,Mike,Cantu,true,2025-01-12 22:13:10
152,morrowelizabeth@simpson-ali.com,mhogan,$2a$12$rnkUyvucz57dX7HK6enXL.hSeIlwE83Dr8xg3lotFACPHaSdDSuqW,Walter,Reynolds,true,2025-01-03 22:57:45
153,kgraham@lee.info,jonathanmartinez,$2a$12$rnkUyvucz57dX7HK6enXL.hSeIlwE83Dr8xg3lotFACPHaSdDSuqW,Jennifer,Boyle,true,
154,josephsullivan@gmail.com,sara13,$2a$12$rnkUyvucz57dX7HK6enXL.hSeIlwE83Dr8xg3lotFACPHaSdDSuqW,Arthur,Wright,true,2025-01-02 01:12:22
155,amberglenn@hotmail.com,storres,$2a$12$rnkUyvucz57dX7HK6enXL.hSeIlwE83Dr8xg3lotFACPHaSdDSuqW,Stephen,Wood,true,2025-01-19 06:42:25
156,rodney56@frost.info,lmckenzie,$2a$12$rnkUyvucz57dX7HK6enXL.hSeIlwE83Dr8xg3lotFACPHaSdDSuqW,Jenna,Lucas,true,2025-01-09 00:18:40
157,orozcojennifer@gmail.com,leonardanthony,$2a$12$rnkUyvucz57dX7HK6enXL.hSeIlwE83Dr8xg3lotFACPHaSdDSuqW,Joanna,Patel,true,
158,wpotter@hines.com,zacharyrivera,$2a$12$rnkUyvucz57dX7HK6enXL.hSeIlwE83Dr8xg3lotFACPHaSdDSuqW,Sarah,White,true,
159,emilywilliams@gmail.com,xbrown,$2a$12$rnkUyvucz57dX7HK6enXL.hSeIlwE83Dr8xg3lotFACPHaSdDSuqW,Emily,Rowe,true,
160,qlogan@yahoo.com,lauren99,$2a$12$rnkUyvucz57dX7HK6enXL.hSeIlwE83Dr8xg3lotFACPHaSdDSuqW,Zachary,Wilson,true,
161,kyle11@gmail.com,stephanie87,$2a$12$rnkUyvucz57dX7HK6enXL.hSeIlwE83Dr8xg3lotFACPHaSdDSuqW,Scott,Hamilton,true,2025-01-21 19:34:20
162,jonathancoleman@yahoo.com,wstafford,$2a$12$rnkUyvucz57dX7HK6enXL.hSeIlwE83Dr8xg3lotFACPHaSdDSuqW,Glenn,Spencer,true,
163,buchananricardo@parker-smith.net,amanda15,$2a$12$rnkUyvucz57dX7HK6enXL.hSeIlwE83Dr8xg3lotFACPHaSdDSuqW,Jessica,Thomas,true,2025-01-24 18:40:16
164,lindasingh@hotmail.com,greenealicia,$2a$12$rnkUyvucz57dX7HK6enXL.hSeIlwE83Dr8xg3lotFACPHaSdDSuqW,Monique,Rodgers,true,2025-02-04 19:25:23
165,renee75@diaz.info,josephmosley,$2a$12$rnkUyvucz57dX7HK6enXL.hSeIlwE83Dr8xg3lotFACPHaSdDSuqW,Brian,Ramirez,true,2025-01-15 06:27:57
166,morenoelizabeth@orozco.info,joseph71,$2a$12$rnkUyvucz57dX7HK6enXL.hSeIlwE83Dr8xg3lotFACPHaSdDSuqW,Ricardo,Burke,true,
167,wilkersonjohnny@wood-may.com,millerstephanie,$2a$12$rnkUyvucz57dX7HK6enXL.hSeIlwE83Dr8xg3lotFACPHaSdDSuqW,Jennifer,Lee,true,2025-01-24 01:04:53
168,wangchristian@nichols.org,glee,$2a$12$rnkUyvucz57dX7HK6enXL.hSeIlwE83Dr8xg3lotFACPHaSdDSuqW,Katrina,Montgomery,true,2025-01-15 20:18:28
169,qrobertson@leonard.com,mitchell04,$2a$12$rnkUyvucz57dX7HK6enXL.hSeIlwE83Dr8xg3lotFACPHaSdDSuqW,Thomas,Kaiser,true,2025-01-07 08:18:39
170,royflores@yahoo.com,phayes,$2a$12$rnkUyvucz57dX7HK6enXL.hSeIlwE83Dr8xg3lotFACPHaSdDSuqW,Jennifer,Nunez,true,
171,christian44@hotmail.com,amandarusso,$2a$12$rnkUyvucz57dX7HK6enXL.hSeIlwE83Dr8xg3lotFACPHaSdDSuqW,Samuel,Valdez,true,2025-01-16 19:07:53
172,pfields@harrison.com,greenjohn,$2a$12$rnkUyvucz57dX7HK6enXL.hSeIlwE83Dr8xg3lotFACPHaSdDSuqW,James,Knox,true,2025-02-02 13:17:24
173,anthonyschmidt@hotmail.com,sarah00,$2a$12$rnkUyvucz57dX7HK6enXL.hSeIlwE83Dr8xg3lotFACPHaSdDSuqW,Matthew,Fleming,true,2025-02-03 03:27:24
174,andrew25@gmail.com,hicksshawn,$2a$12$rnkUyvucz57dX7HK6enXL.hSeIlwE83Dr8xg3lotFACPHaSdDSuqW,Amanda,Foster,true,2025-01-10 14:59:14
175,rhodesrichard@yahoo.com,gregory12,$2a$12$rnkUyvucz57dX7HK6enXL.hSeIlwE83Dr8xg3lotFACPHaSdDSuqW,Christopher,Knight,true,
176,ycooper@cantrell.com,malik27,$2a$12$rnkUyvucz57dX7HK6enXL.hSeIlwE83Dr8xg3lotFACPHaSdDSuqW,Erika,Bailey,true,
177,morgan20@simmons-grant.com,justinbrown,$2a$12$rnkUyvucz57dX7HK6enXL.hSeIlwE83Dr8xg3lotFACPHaSdDSuqW,Andrew,Thompson,true,2025-01-24 14:38:28
178,jacob50@johnson.com,kimberly34,$2a$12$rnkUyvucz57dX7HK6enXL.hSeIlwE83Dr8xg3lotFACPHaSdDSuqW,Julie,Cisneros,true,
179,anthonyhurst@harris.com,catherine58,$2a$12$rnkUyvucz57dX7HK6enXL.hSeIlwE83Dr8xg3lotFACPHaSdDSuqW,Russell,Robertson,true,2025-02-08 20:01:28
180,bryantdavid@gmail.com,alvaradojoanna,$2a$12$rnkUyvucz57dX7HK6enXL.hSeIlwE83Dr8xg3lotFACPHaSdDSuqW,Amber,Day,true,
181,griffinbill@gmail.com,amywalls,$2a$12$rnkUyvucz57dX7HK6enXL.hSeIlwE83Dr8xg3lotFACPHaSdDSuqW,Karen,Everett,true,2025-02-09 11:20:14
182,jorgesullivan@robertson.info,peterlee,$2a$12$rnkUyvucz57dX7HK6enXL.hSeIlwE83Dr8xg3lotFACPHaSdDSuqW,Ronald,Cook,true,2025-01-23 16:24:30
183,qwilson@jacobs.com,frank00,$2a$12$rnkUyvucz57dX7HK6enXL.hSeIlwE83Dr8xg3lotFACPHaSdDSuqW,Manuel,Evans,true,2025-02-01 06:56:33
184,leslie54@porter-daniel.net,calhounjennifer,$2a$12$rnkUyvucz57dX7HK6enXL.hSeIlwE83Dr8xg3lotFACPHaSdDSuqW,Erica,Gonzales,true,2025-01-27 17:27:54
185,victoria64@thomas.com,john99,$2a$12$rnkUyvucz57dX7HK6enXL.hSeIlwE83Dr8xg3lotFACPHaSdDSuqW,Cameron,Long,true,2025-02-05 02:41:13
186,xolson@avila.info,brentfisher,$2a$12$rnkUyvucz57dX7HK6enXL.hSeIlwE83Dr8xg3lotFACPHaSdDSuqW,Donna,Harris,true,
187,wayne65@green.biz,katie46,$2a$12$rnkUyvucz57dX7HK6enXL.hSeIlwE83Dr8xg3lotFACPHaSdDSuqW,Elizabeth,Scott,true,2025-01-03 10:53:35
188,morganleon@gmail.com,brownbrandon,$2a$12$rnkUyvucz57dX7HK6enXL.hSeIlwE83Dr8xg3lotFACPHaSdDSuqW,Michael,Hall,true,2025-01-30 15:32:23
189,zachary18@yahoo.com,lswanson,$2a$12$rnkUyvucz57dX7HK6enXL.hSeIlwE83Dr8xg3lotFACPHaSdDSuqW,Erica,Nielsen,true,2025-01-26 03:08:31
190,dbass@schultz.com,rwatson,$2a$12$rnkUyvucz57dX7HK6enXL.hSeIlwE83Dr8xg3lotFACPHaSdDSuqW,Mark,Hernandez,true,
191,kbowman@cook-thompson.com,carterjamie,$2a$12$rnkUyvucz57dX7HK6enXL.hSeIlwE83Dr8xg3lotFACPHaSdDSuqW,Damon,Spencer,true,2025-01-11 20:32:03
192,jeffreywilliams@hotmail.com,david86,$2a$12$rnkUyvucz57dX7HK6enXL.hSeIlwE83Dr8xg3lotFACPHaSdDSuqW,Cory,Edwards,true,2025-01-28 12:38:51
193,deansamantha@harmon.com,ashleyhensley,$2a$12$rnkUyvucz57dX7HK6enXL.hSeIlwE83Dr8xg3lotFACPHaSdDSuqW,James,Curtis,true,2025-02-07 10:21:33
194,douglas62@ramirez.com,lauren34,$2a$12$rnkUyvucz57dX7HK6enXL.hSeIlwE83Dr8xg3lotFACPHaSdDSuqW,Kaitlin,Gonzalez,true,2025-01-20 18:46:18
195,rtran@juarez-peck.net,dylan50,$2a$12$rnkUyvucz57dX7HK6enXL.hSeIlwE83Dr8xg3lotFACPHaSdDSuqW,Mario,Pace,true,2025-01-17 21:16:41
196,lparker@yahoo.com,terrance26,$2a$12$rnkUyvucz57dX7HK6enXL.hSeIlwE83Dr8xg3lotFACPHaSdDSuqW,Jennifer,Barber,true,
197,robert58@gmail.com,sotojeffrey,$2a$12$rnkUyvucz57dX7HK6enXL.hSeIlwE83Dr8xg3lotFACPHaSdDSuqW,Cynthia,Washington,true,
198,awilson@peterson-gardner.com,robertbenton,$2a$12$rnkUyvucz57dX7HK6enXL.hSeIlwE83Dr8xg3lotFACPHaSdDSuqW,Logan,Jenkins,true,2025-02-08 01:44:58
199,susan09@leblanc.com,bettyhart,$2a$12$rnkUyvucz57dX7HK6enXL.hSeIlwE83Dr8xg3lotFACPHaSdDSuqW,Joshua,Chase,true,2025-01-31 17:01:47
200,brownandrew@knight-taylor.net,james09,$2a$12$rnkUyvucz57dX7HK6enXL.hSeIlwE83Dr8xg3lotFACPHaSdDSuqW,Alexis,Taylor,true,2025-01-16 11:03:19
201,porteralison@webb.net,saundersjessica,$2a$12$rnkUyvucz57dX7HK6enXL.hSeIlwE83Dr8xg3lotFACPHaSdDSuqW,David,Sanders,true,2025-01-05 19:16:56
202,alyssa42@roberts-wyatt.com,bzamora,$2a$12$rnkUyvucz57dX7HK6enXL.hSeIlwE83Dr8xg3lotFACPHaSdDSuqW,Troy,Martin,true,2025-01-13 11:11:02
203,brittany05@white-brown.com,carol33,$2a$12$rnkUyvucz57dX7HK6enXL.hSeIlwE83Dr8xg3lotFACPHaSdDSuqW,Christopher,Flowers,true,
204,davidknight@gmail.com,megan08,$2a$12$rnkUyvucz57dX7HK6enXL.hSeIlwE83Dr8xg3lotFACPHaSdDSuqW,Cathy,Martin,true,2025-01-13 17:27:51
205,calvinthomas@hotmail.com,alarson,$2a$12$rnkUyvucz57dX7HK6enXL.hSeIlwE83Dr8xg3lotFACPHaSdDSuqW,John,Payne,true,2025-01-31 07:27:27
206,kevin26@watson.com,dwade,$2a$12$rnkUyvucz57dX7HK6enXL.hSeIlwE83Dr8xg3lotFACPHaSdDSuqW,Christina,Hartman,true,2025-01-11 15:33:11
207,barbara56@cole.com,santiagorachel,$2a$12$rnkUyvucz57dX7HK6enXL.hSeIlwE83Dr8xg3lotFACPHaSdDSuqW,William,Jones,true,2025-01-16 06:19:15
208,blackangel@patel.com,rodgerserik,$2a$12$rnkUyvucz57dX7HK6enXL.hSeIlwE83Dr8xg3lotFACPHaSdDSuqW,Bradley,Schneider,true,2025-01-25 11:26:54
209,sherry83@gmail.com,terri31,$2a$12$rnkUyvucz57dX7HK6enXL.hSeIlwE83Dr8xg3lotFACPHaSdDSuqW,Suzanne,Bowman,true,
210,wmartin@bryant.com,millsjacqueline,$2a$12$rnkUyvucz57dX7HK6enXL.hSeIlwE83Dr8xg3lotFACPHaSdDSuqW,Christopher,Young,true,2025-02-08 09:10:45
211,toddharris@jones-gilmore.com,kyle73,$2a$12$rnkUyvucz57dX7HK6enXL.hSeIlwE83Dr8xg3lotFACPHaSdDSuqW,Shannon,Stark,true,2025-02-03 19:12:47
212,lewischristopher@gmail.com,tbaker,$2a$12$rnkUyvucz57dX7HK6enXL.hSeIlwE83Dr8xg3lotFACPHaSdDSuqW,Robert,Sullivan,true,2025-01-16 00:45:49
213,andersonjames@cox-jones.com,johnsonsteven,$2a$12$rnkUyvucz57dX7HK6enXL.hSeIlwE83Dr8xg3lotFACPHaSdDSuqW,Melanie,Gamble,true,
214,sross@shannon-barrera.com,brendaboyd,$2a$12$rnkUyvucz57dX7HK6enXL.hSeIlwE83Dr8xg3lotFACPHaSdDSuqW,Cassandra,Moore,true,2025-02-02 07:16:06
215,megan02@yahoo.com,ofisher,$2a$12$rnkUyvucz57dX7HK6enXL.hSeIlwE83Dr8xg3lotFACPHaSdDSuqW,Timothy,Zimmerman,true,
216,jacobscassidy@gmail.com,pmacdonald,$2a$12$rnkUyvucz57dX7HK6enXL.hSeIlwE83Dr8xg3lotFACPHaSdDSuqW,Jeremy,Miller,true,
217,paul42@robinson.com,john60,$2a$12$rnkUyvucz57dX7HK6enXL.hSeIlwE83Dr8xg3lotFACPHaSdDSuqW,Jeffrey,Carter,true,2025-01-04 06:33:25
218,hernandezsarah@gmail.com,paulhartman,$2a$12$rnkUyvucz57dX7HK6enXL.hSeIlwE83Dr8xg3lotFACPHaSdDSuqW,Cristian,Campbell,true,2025-01-03 01:50:45
219,deannaclark@butler.com,moorewyatt,$2a$12$rnkUyvucz57dX7HK6enXL.hSeIlwE83Dr8xg3lotFACPHaSdDSuqW,Kevin,Wood,true,
220,stran@hotmail.com,martinemma,$2a$12$rnkUyvucz57dX7HK6enXL.hSeIlwE83Dr8xg3lotFACPHaSdDSuqW,Eddie,Stephens,true,2025-02-05 15:05:12
221,scordova@yahoo.com,hromero,$2a$12$rnkUyvucz57dX7HK6enXL.hSeIlwE83Dr8xg3lotFACPHaSdDSuqW,Christian,Cain,true,2025-02-04 15:17:26
222,lauren73@anderson.com,justinwilson,$2a$12$rnkUyvucz57dX7HK6enXL.hSeIlwE83Dr8xg3lotFACPHaSdDSuqW,Natasha,Richardson,true,2025-01-13 17:09:18
223,alyssa95@herman.com,marccarr,$2a$12$rnkUyvucz57dX7HK6enXL.hSeIlwE83Dr8xg3lotFACPHaSdDSuqW,Michael,Vega,true,2025-01-15 14:11:17
224,jonathan20@gmail.com,jamesbaker,$2a$12$rnkUyvucz57dX7HK6enXL.hSeIlwE83Dr8xg3lotFACPHaSdDSuqW,Teresa,Elliott,true,2025-01-21 14:19:33
225,lhamilton@lewis-brown.biz,fergusonann,$2a$12$rnkUyvucz57dX7HK6enXL.hSeIlwE83Dr8xg3lotFACPHaSdDSuqW,Ralph,Owens,true,2025-01-14 16:22:48
226,leejason@acosta-baldwin.com,michelle84,$2a$12$rnkUyvucz57dX7HK6enXL.hSeIlwE83Dr8xg3lotFACPHaSdDSuqW,Jessica,Williams,true,2025-01-31 18:57:32
227,jeanneaustin@orozco-khan.com,jenny19,$2a$12$rnkUyvucz57dX7HK6enXL.hSeIlwE83Dr8xg3lotFACPHaSdDSuqW,Sean,Henderson,true,
228,mcbridestacey@gomez.com,edward66,$2a$12$rnkUyvucz57dX7HK6enXL.hSeIlwE83Dr8xg3lotFACPHaSdDSuqW,Keith,Nelson,true,
229,ijohnson@hotmail.com,kimberly98,$2a$12$rnkUyvucz57dX7HK6enXL.hSeIlwE83Dr8xg3lotFACPHaSdDSuqW,Michael,Sanders,true,2025-01-19 17:30:38
230,qcarter@yahoo.com,kimberlylewis,$2a$12$rnkUyvucz57dX7HK6enXL.hSeIlwE83Dr8xg3lotFACPHaSdDSuqW,Nicole,Crosby,true,2025-01-03 19:46:02
231,anntorres@cook-webb.info,bpetty,$2a$12$rnkUyvucz57dX7HK6enXL.hSeIlwE83Dr8xg3lotFACPHaSdDSuqW,Jennifer,Barnes,true,2025-02-08 07:55:55
232,ojohnson@hansen.info,zacharybutler,$2a$12$rnkUyvucz57dX7HK6enXL.hSeIlwE83Dr8xg3lotFACPHaSdDSuqW,Jamie,Gonzalez,true,2025-02-05 04:48:02
233,qmoore@mason.com,matthew70,$2a$12$rnkUyvucz57dX7HK6enXL.hSeIlwE83Dr8xg3lotFACPHaSdDSuqW,Angel,Fisher,true,2025-01-20 04:35:34
234,uwilliams@gmail.com,mirandajennifer,$2a$12$rnkUyvucz57dX7HK6enXL.hSeIlwE83Dr8xg3lotFACPHaSdDSuqW,Kimberly,Miller,true,2025-01-23 17:08:06
235,herrerajames@gmail.com,kyle26,$2a$12$rnkUyvucz57dX7HK6enXL.hSeIlwE83Dr8xg3lotFACPHaSdDSuqW,Jeremy,Macdonald,true,2025-02-06 07:38:27
236,andrewcooper@huynh.com,weissrobert,$2a$12$rnkUyvucz57dX7HK6enXL.hSeIlwE83Dr8xg3lotFACPHaSdDSuqW,Michael,Crawford,true,2025-01-22 08:58:57
237,tthompson@hotmail.com,castanedaandrew,$2a$12$rnkUyvucz57dX7HK6enXL.hSeIlwE83Dr8xg3lotFACPHaSdDSuqW,Nathaniel,Myers,true,
238,tinawolfe@marsh-gilmore.com,carla95,$2a$12$rnkUyvucz57dX7HK6enXL.hSeIlwE83Dr8xg3lotFACPHaSdDSuqW,Robert,Hill,true,2025-01-12 13:35:58
239,youngbrittany@gmail.com,scottdaugherty,$2a$12$rnkUyvucz57dX7HK6enXL.hSeIlwE83Dr8xg3lotFACPHaSdDSuqW,David,Hurley,true,2025-01-20 13:37:34
240,hthomas@stephenson.biz,ulin,$2a$12$rnkUyvucz57dX7HK6enXL.hSeIlwE83Dr8xg3lotFACPHaSdDSuqW,Terri,Morton,true,2025-02-06 07:25:37
241,ipatrick@yahoo.com,shellywagner,$2a$12$rnkUyvucz57dX7HK6enXL.hSeIlwE83Dr8xg3lotFACPHaSdDSuqW,Ronald,Nichols,true,2025-01-23 05:40:29
242,stephanie23@yahoo.com,jo93,$2a$12$rnkUyvucz57dX7HK6enXL.hSeIlwE83Dr8xg3lotFACPHaSdDSuqW,Jesse,Stewart,true,2025-01-06 18:18:23
243,igonzalez@yahoo.com,vpowell,$2a$12$rnkUyvucz57dX7HK6enXL.hSeIlwE83Dr8xg3lotFACPHaSdDSuqW,Tamara,Malone,true,2025-01-10 21:56:23
244,catherine92@yang.com,rgonzalez,$2a$12$rnkUyvucz57dX7HK6enXL.hSeIlwE83Dr8xg3lotFACPHaSdDSuqW,Thomas,Bryant,true,2025-02-09 08:18:21
245,lisa62@yahoo.com,fmarsh,$2a$12$rnkUyvucz57dX7HK6enXL.hSeIlwE83Dr8xg3lotFACPHaSdDSuqW,Annette,Garcia,true,
246,uwood@yahoo.com,flemingchristopher,$2a$12$rnkUyvucz57dX7HK6enXL.hSeIlwE83Dr8xg3lotFACPHaSdDSuqW,Nicole,Tucker,true,2025-01-22 09:23:12
247,erivas@watson-cook.biz,david77,$2a$12$rnkUyvucz57dX7HK6enXL.hSeIlwE83Dr8xg3lotFACPHaSdDSuqW,Jeremiah,Simmons,true,
248,kevin97@wilson.org,smithcrystal,$2a$12$rnkUyvucz57dX7HK6enXL.hSeIlwE83Dr8xg3lotFACPHaSdDSuqW,Suzanne,Miranda,true,2025-01-21 13:12:51
249,tamara15@gmail.com,bradleykaren,$2a$12$rnkUyvucz57dX7HK6enXL.hSeIlwE83Dr8xg3lotFACPHaSdDSuqW,Tonya,Morse,true,2025-02-01 04:46:12
250,mauricedavis@yahoo.com,brownmelissa,$2a$12$rnkUyvucz57dX7HK6enXL.hSeIlwE83Dr8xg3lotFACPHaSdDSuqW,Robert,Watson,true,2025-01-13 09:21:18
251,austin45@hotmail.com,gbennett,$2a$12$rnkUyvucz57dX7HK6enXL.hSeIlwE83Dr8xg3lotFACPHaSdDSuqW,David,Burnett,true,2025-02-07 11:43:03
252,bennettdaniel@hotmail.com,ronaldcollins,$2a$12$rnkUyvucz57dX7HK6enXL.hSeIlwE83Dr8xg3lotFACPHaSdDSuqW,Vanessa,Brown,true,2025-01-11 12:59:02
253,moorelinda@hill.org,robertadams,$2a$12$rnkUyvucz57dX7HK6enXL.hSeIlwE83Dr8xg3lotFACPHaSdDSuqW,Charles,Robinson,true,2025-01-14 09:43:30
254,kmiller@griffin.info,uwatson,$2a$12$rnkUyvucz57dX7HK6enXL.hSeIlwE83Dr8xg3lotFACPHaSdDSuqW,Kristen,Johnson,true,2025-02-08 01:47:50
255,hilljorge@thomas.com,brookscharles,$2a$12$rnkUyvucz57dX7HK6enXL.hSeIlwE83Dr8xg3lotFACPHaSdDSuqW,Whitney,Fox,true,2025-02-08 21:52:12
256,alexiskelley@hotmail.com,michaelevans,$2a$12$rnkUyvucz57dX7HK6enXL.hSeIlwE83Dr8xg3lotFACPHaSdDSuqW,Barbara,Perry,true,2025-01-20 00:19:05
257,nicolemullins@gmail.com,eharris,$2a$12$rnkUyvucz57dX7HK6enXL.hSeIlwE83Dr8xg3lotFACPHaSdDSuqW,Thomas,Davis,true,
258,coreywagner@gmail.com,flynnedward,$2a$12$rnkUyvucz57dX7HK6enXL.hSeIlwE83Dr8xg3lotFACPHaSdDSuqW,Sarah,Lewis,true,2025-01-12 02:32:48
259,christopher95@gmail.com,frankhernandez,$2a$12$rnkUyvucz57dX7HK6enXL.hSeIlwE83Dr8xg3lotFACPHaSdDSuqW,Maria,Mcgrath,true,2025-01-18 16:32:39
260,trevorpreston@gmail.com,tdavidson,$2a$12$rnkUyvucz57dX7HK6enXL.hSeIlwE83Dr8xg3lotFACPHaSdDSuqW,Nicholas,Hopkins,true,2025-01-03 03:11:10
261,kevin23@gmail.com,brianwilliams,$2a$12$rnkUyvucz57dX7HK6enXL.hSeIlwE83Dr8xg3lotFACPHaSdDSuqW,Brian,Martin,true,
262,richardsoncharles@murray.com,djensen,$2a$12$rnkUyvucz57dX7HK6enXL.hSeIlwE83Dr8xg3lotFACPHaSdDSuqW,Timothy,Allen,true,
263,patrickroth@yahoo.com,dthompson,$2a$12$rnkUyvucz57dX7HK6enXL.hSeIlwE83Dr8xg3lotFACPHaSdDSuqW,Bruce,West,true,2025-02-08 13:21:40
264,daniellethompson@wilkinson-moore.com,longdebra,$2a$12$rnkUyvucz57dX7HK6enXL.hSeIlwE83Dr8xg3lotFACPHaSdDSuqW,Timothy,French,true,2025-01-31 14:40:33
265,smithjoseph@yahoo.com,daviscarrie,$2a$12$rnkUyvucz57dX7HK6enXL.hSeIlwE83Dr8xg3lotFACPHaSdDSuqW,Kevin,Ayala,true,2025-01-30 02:11:13
266,charleskeller@griffin-wheeler.com,stevenbell,$2a$12$rnkUyvucz57dX7HK6enXL.hSeIlwE83Dr8xg3lotFACPHaSdDSuqW,Christopher,Santiago,true,
267,ellencuevas@gmail.com,igarcia,$2a$12$rnkUyvucz57dX7HK6enXL.hSeIlwE83Dr8xg3lotFACPHaSdDSuqW,Mary,Andrews,true,
268,breannaallen@yahoo.com,crystal43,$2a$12$rnkUyvucz57dX7HK6enXL.hSeIlwE83Dr8xg3lotFACPHaSdDSuqW,Jeffery,Martinez,true,2025-01-19 18:40:02
269,youngmitchell@yahoo.com,judithpage,$2a$12$rnkUyvucz57dX7HK6enXL.hSeIlwE83Dr8xg3lotFACPHaSdDSuqW,John,Harding,true,2025-01-15 09:37:46
270,michaeldelgado@richards-davidson.com,hannah50,$2a$12$rnkUyvucz57dX7HK6enXL.hSeIlwE83Dr8xg3lotFACPHaSdDSuqW,Kimberly,Roberts,true,2025-02-04 22:35:01
271,jeffersonlindsey@hotmail.com,brianingram,$2a$12$rnkUyvucz57dX7HK6enXL.hSeIlwE83Dr8xg3lotFACPHaSdDSuqW,Linda,Martin,true,
272,william36@gmail.com,jacksondanny,$2a$12$rnkUyvucz57dX7HK6enXL.hSeIlwE83Dr8xg3lotFACPHaSdDSuqW,Dustin,Miller,true,2025-02-05 22:03:04
273,carlnash@yahoo.com,richardpadilla,$2a$12$rnkUyvucz57dX7HK6enXL.hSeIlwE83Dr8xg3lotFACPHaSdDSuqW,James,Williams,true,
274,ugray@hotmail.com,carterjames,$2a$12$rnkUyvucz57dX7HK6enXL.hSeIlwE83Dr8xg3lotFACPHaSdDSuqW,Jennifer,Jones,true,
275,vcannon@yahoo.com,brendasmith,$2a$12$rnkUyvucz57dX7HK6enXL.hSeIlwE83Dr8xg3lotFACPHaSdDSuqW,Mary,Smith,true,2025-01-21 22:12:33
276,mary57@glover.com,kathyhall,$2a$12$rnkUyvucz57dX7HK6enXL.hSeIlwE83Dr8xg3lotFACPHaSdDSuqW,Kimberly,Cabrera,true,2025-01-05 06:33:27
277,nicole03@gmail.com,steven89,$2a$12$rnkUyvucz57dX7HK6enXL.hSeIlwE83Dr8xg3lotFACPHaSdDSuqW,Karen,Bird,true,2025-01-10 16:37:11
278,melissahall@gmail.com,brandipatterson,$2a$12$rnkUyvucz57dX7HK6enXL.hSeIlwE83Dr8xg3lotFACPHaSdDSuqW,Heather,Mills,true,2025-01-30 21:23:10
279,matthew11@hotmail.com,gibsoncathy,$2a$12$rnkUyvucz57dX7HK6enXL.hSeIlwE83Dr8xg3lotFACPHaSdDSuqW,Jade,Miller,true,2025-01-10 15:00:48
280,pauljackson@yahoo.com,rhodesvictoria,$2a$12$rnkUyvucz57dX7HK6enXL.hSeIlwE83Dr8xg3lotFACPHaSdDSuqW,Cynthia,Hansen,true,
281,wallchristopher@valencia.org,kaylagilbert,$2a$12$rnkUyvucz57dX7HK6enXL.hSeIlwE83Dr8xg3lotFACPHaSdDSuqW,Jessica,Elliott,true,
282,lstafford@gmail.com,hartmanjessica,$2a$12$rnkUyvucz57dX7HK6enXL.hSeIlwE83Dr8xg3lotFACPHaSdDSuqW,Sydney,Wong,true,
283,gregorycastro@brown.com,michele32,$2a$12$rnkUyvucz57dX7HK6enXL.hSeIlwE83Dr8xg3lotFACPHaSdDSuqW,Jason,Lee,true,2025-02-05 01:40:20
284,stevensjennifer@gmail.com,cpatterson,$2a$12$rnkUyvucz57dX7HK6enXL.hSeIlwE83Dr8xg3lotFACPHaSdDSuqW,Jessica,Nguyen,true,2025-02-03 16:36:03
285,amills@stephens.com,morgangary,$2a$12$rnkUyvucz57dX7HK6enXL.hSeIlwE83Dr8xg3lotFACPHaSdDSuqW,Jose,Craig,true,2025-01-13 08:45:10
286,vanessarodriguez@gmail.com,allenangela,$2a$12$rnkUyvucz57dX7HK6enXL.hSeIlwE83Dr8xg3lotFACPHaSdDSuqW,Patricia,Woods,true,2025-01-05 14:26:26
287,allison69@macdonald-contreras.info,alexisturner,$2a$12$rnkUyvucz57dX7HK6enXL.hSeIlwE83Dr8xg3lotFACPHaSdDSuqW,Ronald,Smith,true,
288,taylor93@williams.com,mariah51,$2a$12$rnkUyvucz57dX7HK6enXL.hSeIlwE83Dr8xg3lotFACPHaSdDSuqW,Kathleen,Hayes,true,
289,wendychristensen@cook-gray.biz,wfloyd,$2a$12$rnkUyvucz57dX7HK6enXL.hSeIlwE83Dr8xg3lotFACPHaSdDSuqW,Edward,Jones,true,2025-02-02 04:07:04
290,rogersruben@bryant.com,freemantodd,$2a$12$rnkUyvucz57dX7HK6enXL.hSeIlwE83Dr8xg3lotFACPHaSdDSuqW,Melissa,Walsh,true,
291,chelseamalone@gmail.com,cheath,$2a$12$rnkUyvucz57dX7HK6enXL.hSeIlwE83Dr8xg3lotFACPHaSdDSuqW,Susan,Mccormick,true,2025-02-02 14:50:35
292,ruizmary@hotmail.com,timhopkins,$2a$12$rnkUyvucz57dX7HK6enXL.hSeIlwE83Dr8xg3lotFACPHaSdDSuqW,David,Roach,true,
293,ashley65@yahoo.com,ugonzalez,$2a$12$rnkUyvucz57dX7HK6enXL.hSeIlwE83Dr8xg3lotFACPHaSdDSuqW,Sonia,Collins,true,2025-01-23 12:11:35
294,bobby43@hotmail.com,wmurphy,$2a$12$rnkUyvucz57dX7HK6enXL.hSeIlwE83Dr8xg3lotFACPHaSdDSuqW,Ian,Hill,true,
295,mblackwell@richardson.com,lday,$2a$12$rnkUyvucz57dX7HK6enXL.hSeIlwE83Dr8xg3lotFACPHaSdDSuqW,Sharon,Owens,true,2025-01-15 15:52:10
296,athomas@hotmail.com,ericajones,$2a$12$rnkUyvucz57dX7HK6enXL.hSeIlwE83Dr8xg3lotFACPHaSdDSuqW,Tara,Chambers,true,
297,edward96@kirby.biz,ashleycarter,$2a$12$rnkUyvucz57dX7HK6enXL.hSeIlwE83Dr8xg3lotFACPHaSdDSuqW,Brandy,Harris,true,2025-01-03 05:50:08
298,ptaylor@yahoo.com,susan54,$2a$12$rnkUyvucz57dX7HK6enXL.hSeIlwE83Dr8xg3lotFACPHaSdDSuqW,Brandy,Perez,true,2025-01-12 07:09:18
299,angela48@gmail.com,obrienchristina,$2a$12$rnkUyvucz57dX7HK6enXL.hSeIlwE83Dr8xg3lotFACPHaSdDSuqW,Greg,Hayes,true,2025-01-22 03:12:22
300,vramirez@hotmail.com,jacksonrobert,$2a$12$rnkUyvucz57dX7HK6enXL.hSeIlwE83Dr8xg3lotFACPHaSdDSuqW,Michael,Lewis,true,2025-01-24 18:05:46
301,ginaavery@gmail.com,josephhayes,$2a$12$rnkUyvucz57dX7HK6enXL.hSeIlwE83Dr8xg3lotFACPHaSdDSuqW,Andrew,Rice,true,2025-01-13 11:05:16
302,leachmark@hotmail.com,qhamilton,$2a$12$rnkUyvucz57dX7HK6enXL.hSeIlwE83Dr8xg3lotFACPHaSdDSuqW,Maurice,Daugherty,true,2025-01-02 19:17:41
303,oflores@gmail.com,melissa02,$2a$12$rnkUyvucz57dX7HK6enXL.hSeIlwE83Dr8xg3lotFACPHaSdDSuqW,Molly,West,true,2025-01-03 13:15:47
304,maureen73@smith.com,torreslisa,$2a$12$rnkUyvucz57dX7HK6enXL.hSeIlwE83Dr8xg3lotFACPHaSdDSuqW,Travis,Lewis,true,
305,kherring@love.biz,warnertimothy,$2a$12$rnkUyvucz57dX7HK6enXL.hSeIlwE83Dr8xg3lotFACPHaSdDSuqW,Tiffany,Weaver,true,
306,sandersanthony@gmail.com,eschmidt,$2a$12$rnkUyvucz57dX7HK6enXL.hSeIlwE83Dr8xg3lotFACPHaSdDSuqW,George,Mata,true,2025-01-26 01:25:32
307,francisdaniel@jones.net,kelsey28,$2a$12$rnkUyvucz57dX7HK6enXL.hSeIlwE83Dr8xg3lotFACPHaSdDSuqW,Diamond,Flynn,true,2025-01-24 16:20:11
308,brewertyler@gmail.com,yvettecurtis,$2a$12$rnkUyvucz57dX7HK6enXL.hSeIlwE83Dr8xg3lotFACPHaSdDSuqW,Amanda,Garcia,true,2025-01-09 11:07:11
309,cherylrasmussen@lopez.org,cody32,$2a$12$rnkUyvucz57dX7HK6enXL.hSeIlwE83Dr8xg3lotFACPHaSdDSuqW,Jennifer,Bernard,true,
310,bdurham@yahoo.com,paulnelson,$2a$12$rnkUyvucz57dX7HK6enXL.hSeIlwE83Dr8xg3lotFACPHaSdDSuqW,Christopher,Hammond,true,2025-01-20 14:13:51
311,wtaylor@yahoo.com,troyatkins,$2a$12$rnkUyvucz57dX7HK6enXL.hSeIlwE83Dr8xg3lotFACPHaSdDSuqW,Anthony,Bell,true,2025-01-19 05:40:53
312,frenchnicholas@campbell.com,lawsonlaura,$2a$12$rnkUyvucz57dX7HK6enXL.hSeIlwE83Dr8xg3lotFACPHaSdDSuqW,Sarah,Bailey,true,
313,stanley02@hardy.com,jane77,$2a$12$rnkUyvucz57dX7HK6enXL.hSeIlwE83Dr8xg3lotFACPHaSdDSuqW,Nicholas,King,true,2025-02-04 18:36:55
314,dhoffman@gomez.com,austin88,$2a$12$rnkUyvucz57dX7HK6enXL.hSeIlwE83Dr8xg3lotFACPHaSdDSuqW,Misty,Brown,true,2025-02-07 09:21:31
315,cathy99@smith.net,karen63,$2a$12$rnkUyvucz57dX7HK6enXL.hSeIlwE83Dr8xg3lotFACPHaSdDSuqW,Roberta,Willis,true,2025-01-23 23:51:17
316,figueroaclinton@montgomery.com,normandaniel,$2a$12$rnkUyvucz57dX7HK6enXL.hSeIlwE83Dr8xg3lotFACPHaSdDSuqW,Laura,Petty,true,2025-01-26 14:29:37
317,rojasjeffrey@ortega-myers.com,torresaaron,$2a$12$rnkUyvucz57dX7HK6enXL.hSeIlwE83Dr8xg3lotFACPHaSdDSuqW,Nathan,Brady,true,
318,tyronemurphy@gamble.com,josephrodriguez,$2a$12$rnkUyvucz57dX7HK6enXL.hSeIlwE83Dr8xg3lotFACPHaSdDSuqW,Bianca,Kim,true,
319,fbarnes@hicks.org,shawangela,$2a$12$rnkUyvucz57dX7HK6enXL.hSeIlwE83Dr8xg3lotFACPHaSdDSuqW,Jesse,Pham,true,
320,tonyafisher@gmail.com,nicholas67,$2a$12$rnkUyvucz57dX7HK6enXL.hSeIlwE83Dr8xg3lotFACPHaSdDSuqW,John,Carney,true,
321,melissarosales@powell.com,wsims,$2a$12$rnkUyvucz57dX7HK6enXL.hSeIlwE83Dr8xg3lotFACPHaSdDSuqW,Sara,Rush,true,
322,linda11@yahoo.com,conwaykara,$2a$12$rnkUyvucz57dX7HK6enXL.hSeIlwE83Dr8xg3lotFACPHaSdDSuqW,Bradley,Browning,true,
323,randallbarbara@gmail.com,ronalddelacruz,$2a$12$rnkUyvucz57dX7HK6enXL.hSeIlwE83Dr8xg3lotFACPHaSdDSuqW,Todd,Torres,true,2025-01-19 11:05:48
324,zhenderson@garcia.com,garciaalicia,$2a$12$rnkUyvucz57dX7HK6enXL.hSeIlwE83Dr8xg3lotFACPHaSdDSuqW,Melissa,Jenkins,true,2025-01-21 06:50:40
325,laura75@garrett.com,janderson,$2a$12$rnkUyvucz57dX7HK6enXL.hSeIlwE83Dr8xg3lotFACPHaSdDSuqW,Lauren,Ward,true,2025-01-04 14:53:58
326,karenbrown@yahoo.com,bjohnson,$2a$12$rnkUyvucz57dX7HK6enXL.hSeIlwE83Dr8xg3lotFACPHaSdDSuqW,Sarah,Wilson,true,2025-01-18 21:10:57
327,anthonywade@campbell.com,crystal18,$2a$12$rnkUyvucz57dX7HK6enXL.hSeIlwE83Dr8xg3lotFACPHaSdDSuqW,Susan,Craig,true,2025-01-18 13:51:32
328,jillianduarte@parker-singleton.com,jacqueline56,$2a$12$rnkUyvucz57dX7HK6enXL.hSeIlwE83Dr8xg3lotFACPHaSdDSuqW,Katherine,Ashley,true,
329,xwatkins@hall.com,jennifersmith,$2a$12$rnkUyvucz57dX7HK6enXL.hSeIlwE83Dr8xg3lotFACPHaSdDSuqW,Rebecca,Mitchell,true,2025-01-25 13:42:11
330,browngavin@hotmail.com,reiddaniel,$2a$12$rnkUyvucz57dX7HK6enXL.hSeIlwE83Dr8xg3lotFACPHaSdDSuqW,Cynthia,Allen,true,2025-01-29 16:12:11
331,kendraarnold@garrett.com,cynthia87,$2a$12$rnkUyvucz57dX7HK6enXL.hSeIlwE83Dr8xg3lotFACPHaSdDSuqW,Stacy,Scott,true,2025-01-10 16:31:04
332,stephaniegray@hotmail.com,jphelps,$2a$12$rnkUyvucz57dX7HK6enXL.hSeIlwE83Dr8xg3lotFACPHaSdDSuqW,Shelly,Ramirez,true,2025-01-20 23:38:52
333,iconner@hotmail.com,wuchristine,$2a$12$rnkUyvucz57dX7HK6enXL.hSeIlwE83Dr8xg3lotFACPHaSdDSuqW,Zachary,Joyce,true,2025-01-26 00:55:58
334,harrisonadam@yahoo.com,flemingraymond,$2a$12$rnkUyvucz57dX7HK6enXL.hSeIlwE83Dr8xg3lotFACPHaSdDSuqW,Douglas,Curtis,true,
335,joshua28@yahoo.com,zjenkins,$2a$12$rnkUyvucz57dX7HK6enXL.hSeIlwE83Dr8xg3lotFACPHaSdDSuqW,Brandon,Barrera,true,2025-01-03 10:45:55
336,roseholly@mcgrath-johnson.com,cgarcia,$2a$12$rnkUyvucz57dX7HK6enXL.hSeIlwE83Dr8xg3lotFACPHaSdDSuqW,Garrett,Graves,true,2025-01-03 22:57:07
337,michael10@prince-jones.info,bryan28,$2a$12$rnkUyvucz57dX7HK6enXL.hSeIlwE83Dr8xg3lotFACPHaSdDSuqW,Kristy,Arellano,true,
338,kenneth21@yahoo.com,oneillmichael,$2a$12$rnkUyvucz57dX7HK6enXL.hSeIlwE83Dr8xg3lotFACPHaSdDSuqW,Eric,Gross,true,2025-01-10 06:04:44
339,bcharles@gmail.com,kalvarado,$2a$12$rnkUyvucz57dX7HK6enXL.hSeIlwE83Dr8xg3lotFACPHaSdDSuqW,Amber,Cross,true,
340,xweaver@johnson.com,rachel11,$2a$12$rnkUyvucz57dX7HK6enXL.hSeIlwE83Dr8xg3lotFACPHaSdDSuqW,Bryan,Herrera,true,2025-01-15 03:10:16
341,donna40@moore.com,sandra86,$2a$12$rnkUyvucz57dX7HK6enXL.hSeIlwE83Dr8xg3lotFACPHaSdDSuqW,Abigail,Collins,true,
342,georgegarcia@harris-ball.com,lawrence36,$2a$12$rnkUyvucz57dX7HK6enXL.hSeIlwE83Dr8xg3lotFACPHaSdDSuqW,Eric,Stokes,true,2025-01-31 17:15:34
343,djefferson@gmail.com,kelly40,$2a$12$rnkUyvucz57dX7HK6enXL.hSeIlwE83Dr8xg3lotFACPHaSdDSuqW,Jessica,Jones,true,
344,william92@mercer.biz,courtneymendoza,$2a$12$rnkUyvucz57dX7HK6enXL.hSeIlwE83Dr8xg3lotFACPHaSdDSuqW,William,Miller,true,2025-02-08 02:35:59
345,dsmith@burke.com,oyoung,$2a$12$rnkUyvucz57dX7HK6enXL.hSeIlwE83Dr8xg3lotFACPHaSdDSuqW,David,Todd,true,2025-01-03 04:53:49
346,andersonchristopher@mendez.com,mejiabrian,$2a$12$rnkUyvucz57dX7HK6enXL.hSeIlwE83Dr8xg3lotFACPHaSdDSuqW,Natalie,Hall,true,
347,hhuffman@richmond-bates.org,douglas83,$2a$12$rnkUyvucz57dX7HK6enXL.hSeIlwE83Dr8xg3lotFACPHaSdDSuqW,Lance,Howard,true,
348,adam11@yahoo.com,bthomas,$2a$12$rnkUyvucz57dX7HK6enXL.hSeIlwE83Dr8xg3lotFACPHaSdDSuqW,Shane,Ruiz,true,2025-01-15 10:45:17
349,ruizamber@yahoo.com,johnschmidt,$2a$12$rnkUyvucz57dX7HK6enXL.hSeIlwE83Dr8xg3lotFACPHaSdDSuqW,Jennifer,Edwards,true,2025-01-24 10:23:04
350,jonessuzanne@anderson-smith.biz,epetersen,$2a$12$rnkUyvucz57dX7HK6enXL.hSeIlwE83Dr8xg3lotFACPHaSdDSuqW,Chad,Hodges,true,
351,cheryl67@gmail.com,ureynolds,$2a$12$rnkUyvucz57dX7HK6enXL.hSeIlwE83Dr8xg3lotFACPHaSdDSuqW,Caleb,Villegas,true,2025-02-05 16:55:14
352,ybarnett@gmail.com,steven38,$2a$12$rnkUyvucz57dX7HK6enXL.hSeIlwE83Dr8xg3lotFACPHaSdDSuqW,Yvonne,Peterson,true,2025-02-01 05:35:15
353,falvarez@yahoo.com,bondkatherine,$2a$12$rnkUyvucz57dX7HK6enXL.hSeIlwE83Dr8xg3lotFACPHaSdDSuqW,Mark,Montgomery,true,
354,williamsmatthew@yahoo.com,donnarichards,$2a$12$rnkUyvucz57dX7HK6enXL.hSeIlwE83Dr8xg3lotFACPHaSdDSuqW,Melissa,Fowler,true,2025-01-09 22:01:33
355,fmoore@jones-mcclain.info,cmcguire,$2a$12$rnkUyvucz57dX7HK6enXL.hSeIlwE83Dr8xg3lotFACPHaSdDSuqW,Nancy,Pope,true,2025-01-31 10:24:42
356,kmarquez@yahoo.com,thompsonjason,$2a$12$rnkUyvucz57dX7HK6enXL.hSeIlwE83Dr8xg3lotFACPHaSdDSuqW,Troy,Bender,true,
357,jeffrey60@jones.com,megan80,$2a$12$rnkUyvucz57dX7HK6enXL.hSeIlwE83Dr8xg3lotFACPHaSdDSuqW,Tammy,Vincent,true,
358,davenportkatelyn@howard.info,johnsonalyssa,$2a$12$rnkUyvucz57dX7HK6enXL.hSeIlwE83Dr8xg3lotFACPHaSdDSuqW,Carolyn,Moore,true,2025-01-14 03:43:52
359,gcrawford@hubbard-hernandez.com,christopherwilson,$2a$12$rnkUyvucz57dX7HK6enXL.hSeIlwE83Dr8xg3lotFACPHaSdDSuqW,David,Howard,true,
360,jonathan85@wilson.net,nmay,$2a$12$rnkUyvucz57dX7HK6enXL.hSeIlwE83Dr8xg3lotFACPHaSdDSuqW,Christopher,Williams,true,
361,tblanchard@yahoo.com,joseph87,$2a$12$rnkUyvucz57dX7HK6enXL.hSeIlwE83Dr8xg3lotFACPHaSdDSuqW,Gabriela,Boyer,true,2025-01-13 23:33:26
362,bradleylynn@hotmail.com,michelle20,$2a$12$rnkUyvucz57dX7HK6enXL.hSeIlwE83Dr8xg3lotFACPHaSdDSuqW,Charles,Kennedy,true,2025-01-12 19:29:38
363,hlopez@jones.com,jennifer22,$2a$12$rnkUyvucz57dX7HK6enXL.hSeIlwE83Dr8xg3lotFACPHaSdDSuqW,Dylan,Miller,true,
364,jon74@patel.com,icooper,$2a$12$rnkUyvucz57dX7HK6enXL.hSeIlwE83Dr8xg3lotFACPHaSdDSuqW,Christy,Prince,true,2025-02-08 12:47:55
365,jaime84@bryant-ochoa.org,richarddyer,$2a$12$rnkUyvucz57dX7HK6enXL.hSeIlwE83Dr8xg3lotFACPHaSdDSuqW,Jennifer,Fox,true,
366,wendy69@ramos.info,katie12,$2a$12$rnkUyvucz57dX7HK6enXL.hSeIlwE83Dr8xg3lotFACPHaSdDSuqW,Mario,Martin,true,2025-01-24 15:58:13
367,elizabethhart@robertson.com,marco41,$2a$12$rnkUyvucz57dX7HK6enXL.hSeIlwE83Dr8xg3lotFACPHaSdDSuqW,Jonathan,Davis,true,2025-01-25 13:51:21
368,pespinoza@irwin-williams.com,eugenemartin,$2a$12$rnkUyvucz57dX7HK6enXL.hSeIlwE83Dr8xg3lotFACPHaSdDSuqW,Leah,Morris,true,2025-01-14 05:20:41
369,kimberly51@hotmail.com,navarrovalerie,$2a$12$rnkUyvucz57dX7HK6enXL.hSeIlwE83Dr8xg3lotFACPHaSdDSuqW,Laura,Green,true,
370,christophergonzalez@patterson-pugh.info,perezjaime,$2a$12$rnkUyvucz57dX7HK6enXL.hSeIlwE83Dr8xg3lotFACPHaSdDSuqW,Danielle,Riddle,true,2025-02-04 03:43:05
371,fjohnson@gonzalez.com,iwilliams,$2a$12$rnkUyvucz57dX7HK6enXL.hSeIlwE83Dr8xg3lotFACPHaSdDSuqW,Rachel,Stone,true,2025-02-09 03:57:30
372,josephhoward@white.biz,jsanchez,$2a$12$rnkUyvucz57dX7HK6enXL.hSeIlwE83Dr8xg3lotFACPHaSdDSuqW,David,Herrera,true,2025-01-06 17:17:26
373,kathrynvega@yahoo.com,gabriellerobinson,$2a$12$rnkUyvucz57dX7HK6enXL.hSeIlwE83Dr8xg3lotFACPHaSdDSuqW,Amy,Smith,true,
374,ojacobs@gmail.com,russelltracey,$2a$12$rnkUyvucz57dX7HK6enXL.hSeIlwE83Dr8xg3lotFACPHaSdDSuqW,Thomas,Coleman,true,2025-01-08 13:01:50
375,greenchris@powell.com,cynthia53,$2a$12$rnkUyvucz57dX7HK6enXL.hSeIlwE83Dr8xg3lotFACPHaSdDSuqW,Kathryn,Tanner,true,2025-01-30 21:48:05
376,howemelinda@smith.com,ccaldwell,$2a$12$rnkUyvucz57dX7HK6enXL.hSeIlwE83Dr8xg3lotFACPHaSdDSuqW,Matthew,Fisher,true,2025-02-07 07:12:32
377,sara19@davis.com,erikahart,$2a$12$rnkUyvucz57dX7HK6enXL.hSeIlwE83Dr8xg3lotFACPHaSdDSuqW,Sylvia,Williams,true,2025-01-25 14:27:17
378,ssanders@gmail.com,debrabean,$2a$12$rnkUyvucz57dX7HK6enXL.hSeIlwE83Dr8xg3lotFACPHaSdDSuqW,Christopher,Phillips,true,2025-01-20 02:37:33
379,jordanliu@wilson-dalton.com,brian11,$2a$12$rnkUyvucz57dX7HK6enXL.hSeIlwE83Dr8xg3lotFACPHaSdDSuqW,Carol,Doyle,true,2025-01-20 16:27:48
380,tlambert@yahoo.com,jbruce,$2a$12$rnkUyvucz57dX7HK6enXL.hSeIlwE83Dr8xg3lotFACPHaSdDSuqW,Michael,Burns,true,
381,amanda33@hernandez.biz,klee,$2a$12$rnkUyvucz57dX7HK6enXL.hSeIlwE83Dr8xg3lotFACPHaSdDSuqW,Tommy,Ramirez,true,2025-01-06 00:58:16
382,eric84@hotmail.com,charles48,$2a$12$rnkUyvucz57dX7HK6enXL.hSeIlwE83Dr8xg3lotFACPHaSdDSuqW,Jason,Roberts,true,2025-01-15 21:44:38
383,amber50@gmail.com,dcasey,$2a$12$rnkUyvucz57dX7HK6enXL.hSeIlwE83Dr8xg3lotFACPHaSdDSuqW,Joshua,Alvarez,true,2025-01-26 07:00:22
384,lchandler@yahoo.com,jessica58,$2a$12$rnkUyvucz57dX7HK6enXL.hSeIlwE83Dr8xg3lotFACPHaSdDSuqW,Devon,Jones,true,2025-01-23 13:46:23
385,johnstonjermaine@fisher.com,debbiegonzalez,$2a$12$rnkUyvucz57dX7HK6enXL.hSeIlwE83Dr8xg3lotFACPHaSdDSuqW,William,Moreno,true,2025-01-06 13:55:10
386,edward69@hotmail.com,frankgibson,$2a$12$rnkUyvucz57dX7HK6enXL.hSeIlwE83Dr8xg3lotFACPHaSdDSuqW,Stefanie,Henderson,true,
387,rayers@richmond.com,eolson,$2a$12$rnkUyvucz57dX7HK6enXL.hSeIlwE83Dr8xg3lotFACPHaSdDSuqW,Steven,Moses,true,2025-01-07 06:44:46
388,castanedamark@yahoo.com,garciadonald,$2a$12$rnkUyvucz57dX7HK6enXL.hSeIlwE83Dr8xg3lotFACPHaSdDSuqW,Dorothy,Le,true,2025-01-01 08:56:25
389,waltersvincent@yahoo.com,jennifer95,$2a$12$rnkUyvucz57dX7HK6enXL.hSeIlwE83Dr8xg3lotFACPHaSdDSuqW,Brenda,Terry,true,2025-01-24 05:58:15
390,michelle83@jones.biz,michaelmullen,$2a$12$rnkUyvucz57dX7HK6enXL.hSeIlwE83Dr8xg3lotFACPHaSdDSuqW,Daniel,Walker,true,
391,shawn06@hotmail.com,plewis,$2a$12$rnkUyvucz57dX7HK6enXL.hSeIlwE83Dr8xg3lotFACPHaSdDSuqW,Leslie,Mills,true,
392,lisacastillo@yahoo.com,moodycandice,$2a$12$rnkUyvucz57dX7HK6enXL.hSeIlwE83Dr8xg3lotFACPHaSdDSuqW,Cindy,Jacobson,true,2025-02-05 04:21:28
393,adamsjoshua@gallegos.net,michael18,$2a$12$rnkUyvucz57dX7HK6enXL.hSeIlwE83Dr8xg3lotFACPHaSdDSuqW,Ashley,Young,true,2025-01-08 12:21:40
394,robinsoncarmen@gmail.com,sheastephanie,$2a$12$rnkUyvucz57dX7HK6enXL.hSeIlwE83Dr8xg3lotFACPHaSdDSuqW,Tyler,Smith,true,2025-02-06 03:26:06
395,jeffery16@garcia.info,martin35,$2a$12$rnkUyvucz57dX7HK6enXL.hSeIlwE83Dr8xg3lotFACPHaSdDSuqW,Sue,Thompson,true,2025-02-07 20:09:05
396,willie73@hoffman.com,yatesangela,$2a$12$rnkUyvucz57dX7HK6enXL.hSeIlwE83Dr8xg3lotFACPHaSdDSuqW,Andrew,Jones,true,2025-02-07 11:05:33
397,mckinneycheryl@scott.com,khardin,$2a$12$rnkUyvucz57dX7HK6enXL.hSeIlwE83Dr8xg3lotFACPHaSdDSuqW,Chris,Mann,true,2025-01-31 02:22:26
398,villajennifer@hotmail.com,nortiz,$2a$12$rnkUyvucz57dX7HK6enXL.hSeIlwE83Dr8xg3lotFACPHaSdDSuqW,Erin,Simpson,true,
399,mckenziedonald@hotmail.com,connor67,$2a$12$rnkUyvucz57dX7HK6enXL.hSeIlwE83Dr8xg3lotFACPHaSdDSuqW,Pamela,Elliott,true,2025-01-08 08:17:02
400,tanya61@horton-glass.net,xthomas,$2a$12$rnkUyvucz57dX7HK6enXL.hSeIlwE83Dr8xg3lotFACPHaSdDSuqW,Derek,Le,true,2025-01-14 04:01:23
401,singletonjohn@hotmail.com,amandaraymond,$2a$12$rnkUyvucz57dX7HK6enXL.hSeIlwE83Dr8xg3lotFACPHaSdDSuqW,Scott,Williams,true,2025-01-13 14:30:03
402,michaelsmith@lozano-webster.net,kimangela,$2a$12$rnkUyvucz57dX7HK6enXL.hSeIlwE83Dr8xg3lotFACPHaSdDSuqW,Cory,Hernandez,true,2025-02-01 18:17:43
403,velazquezcody@robinson-sanchez.biz,colinwashington,$2a$12$rnkUyvucz57dX7HK6enXL.hSeIlwE83Dr8xg3lotFACPHaSdDSuqW,Kenneth,Hernandez,true,2025-01-30 08:23:21
404,dchaney@newman-boyd.com,clee,$2a$12$rnkUyvucz57dX7HK6enXL.hSeIlwE83Dr8xg3lotFACPHaSdDSuqW,Sandra,Soto,true,2025-01-14 18:30:46
405,zellis@yahoo.com,michelledennis,$2a$12$rnkUyvucz57dX7HK6enXL.hSeIlwE83Dr8xg3lotFACPHaSdDSuqW,Amy,Brown,true,
406,amandaharris@yahoo.com,john70,$2a$12$rnkUyvucz57dX7HK6enXL.hSeIlwE83Dr8xg3lotFACPHaSdDSuqW,Kyle,Welch,true,2025-01-26 08:26:14
407,donnahenderson@yahoo.com,yharrell,$2a$12$rnkUyvucz57dX7HK6enXL.hSeIlwE83Dr8xg3lotFACPHaSdDSuqW,Shannon,Jones,true,2025-01-27 09:23:57
408,adavis@hill.org,qcampbell,$2a$12$rnkUyvucz57dX7HK6enXL.hSeIlwE83Dr8xg3lotFACPHaSdDSuqW,Brenda,Yang,true,
409,bradley44@odonnell.info,tonya41,$2a$12$rnkUyvucz57dX7HK6enXL.hSeIlwE83Dr8xg3lotFACPHaSdDSuqW,Lauren,Mullen,true,
410,selenamendoza@gmail.com,perryallison,$2a$12$rnkUyvucz57dX7HK6enXL.hSeIlwE83Dr8xg3lotFACPHaSdDSuqW,Maurice,Dean,true,2025-01-31 01:34:52
411,hwall@davis.com,heather57,$2a$12$rnkUyvucz57dX7HK6enXL.hSeIlwE83Dr8xg3lotFACPHaSdDSuqW,Luke,Diaz,true,2025-01-24 17:44:08
412,etaylor@clark.org,stacymiles,$2a$12$rnkUyvucz57dX7HK6enXL.hSeIlwE83Dr8xg3lotFACPHaSdDSuqW,Pamela,Griffin,true,2025-01-22 06:25:46
413,ttownsend@mclean-lawrence.net,susanlee,$2a$12$rnkUyvucz57dX7HK6enXL.hSeIlwE83Dr8xg3lotFACPHaSdDSuqW,David,Williams,true,2025-02-02 23:27:20
414,ulawson@mitchell.com,brownalyssa,$2a$12$rnkUyvucz57dX7HK6enXL.hSeIlwE83Dr8xg3lotFACPHaSdDSuqW,Sally,Cruz,true,2025-01-05 01:41:04
415,nielsenkimberly@gmail.com,nriddle,$2a$12$rnkUyvucz57dX7HK6enXL.hSeIlwE83Dr8xg3lotFACPHaSdDSuqW,Jeremy,Wood,true,2025-01-24 02:36:45
416,nelsoncrystal@yahoo.com,morrisshirley,$2a$12$rnkUyvucz57dX7HK6enXL.hSeIlwE83Dr8xg3lotFACPHaSdDSuqW,Jaime,Cameron,true,
417,qrivera@downs.com,vmartinez,$2a$12$rnkUyvucz57dX7HK6enXL.hSeIlwE83Dr8xg3lotFACPHaSdDSuqW,Jennifer,Crawford,true,2025-01-27 22:32:34
418,lwilkinson@brown.com,russellcourtney,$2a$12$rnkUyvucz57dX7HK6enXL.hSeIlwE83Dr8xg3lotFACPHaSdDSuqW,Thomas,Bradford,true,2025-01-10 06:54:08
419,sara97@wilson.com,leesheila,$2a$12$rnkUyvucz57dX7HK6enXL.hSeIlwE83Dr8xg3lotFACPHaSdDSuqW,John,Strickland,true,2025-02-03 23:17:19
420,watkinstheresa@holland.com,dhughes,$2a$12$rnkUyvucz57dX7HK6enXL.hSeIlwE83Dr8xg3lotFACPHaSdDSuqW,Steven,Wood,true,2025-02-09 01:18:09
421,gina45@hotmail.com,zbender,$2a$12$rnkUyvucz57dX7HK6enXL.hSeIlwE83Dr8xg3lotFACPHaSdDSuqW,Alyssa,Williams,true,2025-01-23 12:51:37
422,npowell@yahoo.com,gbrown,$2a$12$rnkUyvucz57dX7HK6enXL.hSeIlwE83Dr8xg3lotFACPHaSdDSuqW,John,Cook,true,2025-01-05 05:58:00
423,michaelmaynard@robinson-williams.info,kbryant,$2a$12$rnkUyvucz57dX7HK6enXL.hSeIlwE83Dr8xg3lotFACPHaSdDSuqW,Robert,Miller,true,2025-01-04 21:17:11
424,vincentdonaldson@riley.info,xhill,$2a$12$rnkUyvucz57dX7HK6enXL.hSeIlwE83Dr8xg3lotFACPHaSdDSuqW,Eric,Banks,true,
425,kirstengonzalez@randall.biz,bradfordbrady,$2a$12$rnkUyvucz57dX7HK6enXL.hSeIlwE83Dr8xg3lotFACPHaSdDSuqW,Brian,Hill,true,
426,willieclayton@page.info,georgebryan,$2a$12$rnkUyvucz57dX7HK6enXL.hSeIlwE83Dr8xg3lotFACPHaSdDSuqW,Brandon,Ruiz,true,
427,atkinsonkevin@cruz.org,hernandezjohn,$2a$12$rnkUyvucz57dX7HK6enXL.hSeIlwE83Dr8xg3lotFACPHaSdDSuqW,Justin,Miller,true,2025-01-16 18:38:04
428,jamesmoore@freeman.net,churchrenee,$2a$12$rnkUyvucz57dX7HK6enXL.hSeIlwE83Dr8xg3lotFACPHaSdDSuqW,Joseph,Williams,true,2025-01-07 23:32:04
429,williamrobbins@yahoo.com,andreagriffin,$2a$12$rnkUyvucz57dX7HK6enXL.hSeIlwE83Dr8xg3lotFACPHaSdDSuqW,Wanda,Mcguire,true,
430,josephhowe@austin-mendoza.net,katherinecox,$2a$12$rnkUyvucz57dX7HK6enXL.hSeIlwE83Dr8xg3lotFACPHaSdDSuqW,Joseph,Rivera,true,2025-01-05 08:07:37
431,warnerjoanna@yahoo.com,christina44,$2a$12$rnkUyvucz57dX7HK6enXL.hSeIlwE83Dr8xg3lotFACPHaSdDSuqW,Kathleen,Hamilton,true,2025-01-02 14:38:57
432,turneramanda@yahoo.com,jonesfrances,$2a$12$rnkUyvucz57dX7HK6enXL.hSeIlwE83Dr8xg3lotFACPHaSdDSuqW,Lawrence,Bell,true,
433,nyork@cruz.com,clarkkimberly,$2a$12$rnkUyvucz57dX7HK6enXL.hSeIlwE83Dr8xg3lotFACPHaSdDSuqW,April,Lambert,true,2025-01-12 09:19:59
434,larrynewton@long.com,reesejanice,$2a$12$rnkUyvucz57dX7HK6enXL.hSeIlwE83Dr8xg3lotFACPHaSdDSuqW,Bobby,Beck,true,2025-02-06 02:37:46
435,towens@weiss-mills.com,kathleenwright,$2a$12$rnkUyvucz57dX7HK6enXL.hSeIlwE83Dr8xg3lotFACPHaSdDSuqW,Danielle,Flores,true,
436,kevin82@lewis.com,michaelgonzalez,$2a$12$rnkUyvucz57dX7HK6enXL.hSeIlwE83Dr8xg3lotFACPHaSdDSuqW,Meredith,Daniels,true,2025-01-01 17:08:36
437,fsimmons@hotmail.com,kelleylydia,$2a$12$rnkUyvucz57dX7HK6enXL.hSeIlwE83Dr8xg3lotFACPHaSdDSuqW,Aaron,Sanchez,true,2025-01-26 04:47:04
438,william82@gmail.com,rosalesjulia,$2a$12$rnkUyvucz57dX7HK6enXL.hSeIlwE83Dr8xg3lotFACPHaSdDSuqW,Maria,Gould,true,2025-02-05 05:30:34
439,jeanne11@hotmail.com,isaiahgarcia,$2a$12$rnkUyvucz57dX7HK6enXL.hSeIlwE83Dr8xg3lotFACPHaSdDSuqW,Brett,Chambers,true,2025-01-09 06:04:57
440,swansonvanessa@hutchinson.info,gbraun,$2a$12$rnkUyvucz57dX7HK6enXL.hSeIlwE83Dr8xg3lotFACPHaSdDSuqW,Paige,Sandoval,true,2025-01-11 04:30:03
441,copelandchad@yahoo.com,susanlivingston,$2a$12$rnkUyvucz57dX7HK6enXL.hSeIlwE83Dr8xg3lotFACPHaSdDSuqW,Thomas,Williams,true,2025-02-01 09:37:50
442,rowemichael@hotmail.com,navarrorachel,$2a$12$rnkUyvucz57dX7HK6enXL.hSeIlwE83Dr8xg3lotFACPHaSdDSuqW,Laura,Maldonado,true,2025-01-04 16:13:59
443,hannacourtney@yahoo.com,monicajohnson,$2a$12$rnkUyvucz57dX7HK6enXL.hSeIlwE83Dr8xg3lotFACPHaSdDSuqW,Timothy,Martin,true,2025-02-08 02:19:30
444,michaelmoore@hotmail.com,leeroberts,$2a$12$rnkUyvucz57dX7HK6enXL.hSeIlwE83Dr8xg3lotFACPHaSdDSuqW,Sheila,Archer,true,2025-02-05 02:38:58
445,victor97@gmail.com,markrobinson,$2a$12$rnkUyvucz57dX7HK6enXL.hSeIlwE83Dr8xg3lotFACPHaSdDSuqW,Michael,Conrad,true,2025-02-04 03:17:00
446,beverly42@yahoo.com,ggregory,$2a$12$rnkUyvucz57dX7HK6enXL.hSeIlwE83Dr8xg3lotFACPHaSdDSuqW,Christopher,Byrd,true,
447,kaitlin82@yahoo.com,kristy83,$2a$12$rnkUyvucz57dX7HK6enXL.hSeIlwE83Dr8xg3lotFACPHaSdDSuqW,William,Cruz,true,
448,xray@robinson-wolfe.net,maria41,$2a$12$rnkUyvucz57dX7HK6enXL.hSeIlwE83Dr8xg3lotFACPHaSdDSuqW,Richard,Smith,true,
449,jjenkins@blair-christian.com,heidi52,$2a$12$rnkUyvucz57dX7HK6enXL.hSeIlwE83Dr8xg3lotFACPHaSdDSuqW,Rickey,Walker,true,2025-02-04 01:08:26
450,cnicholson@nichols-grant.com,samanthasanchez,$2a$12$rnkUyvucz57dX7HK6enXL.hSeIlwE83Dr8xg3lotFACPHaSdDSuqW,Brandon,Sutton,true,2025-02-06 12:29:41
451,williamswilliam@oneal.com,richardsvalerie,$2a$12$rnkUyvucz57dX7HK6enXL.hSeIlwE83Dr8xg3lotFACPHaSdDSuqW,Abigail,Guerra,true,
452,clarkejanice@lynn.com,derekturner,$2a$12$rnkUyvucz57dX7HK6enXL.hSeIlwE83Dr8xg3lotFACPHaSdDSuqW,Joel,Rivera,true,
453,christinastanley@nichols.com,cboyer,$2a$12$rnkUyvucz57dX7HK6enXL.hSeIlwE83Dr8xg3lotFACPHaSdDSuqW,Kristin,Barton,true,2025-01-14 22:33:27
454,cisneroslaurie@yahoo.com,robertsashley,$2a$12$rnkUyvucz57dX7HK6enXL.hSeIlwE83Dr8xg3lotFACPHaSdDSuqW,Angela,Wilson,true,2025-01-22 10:40:16
455,cyates@hotmail.com,shelby56,$2a$12$rnkUyvucz57dX7HK6enXL.hSeIlwE83Dr8xg3lotFACPHaSdDSuqW,Frank,Harrison,true,2025-02-03 07:26:24
456,nsoto@arnold.com,nicoletravis,$2a$12$rnkUyvucz57dX7HK6enXL.hSeIlwE83Dr8xg3lotFACPHaSdDSuqW,Audrey,Newton,true,2025-02-02 06:09:52
457,xsmith@sparks.biz,ccummings,$2a$12$rnkUyvucz57dX7HK6enXL.hSeIlwE83Dr8xg3lotFACPHaSdDSuqW,Brandi,Rios,true,2025-01-26 00:40:20
458,jenniferortiz@gmail.com,adamzavala,$2a$12$rnkUyvucz57dX7HK6enXL.hSeIlwE83Dr8xg3lotFACPHaSdDSuqW,Calvin,Edwards,true,2025-02-06 12:09:38
459,rodriguezerik@rodriguez.com,alexandrakim,$2a$12$rnkUyvucz57dX7HK6enXL.hSeIlwE83Dr8xg3lotFACPHaSdDSuqW,Nicole,Moore,true,2025-01-30 01:52:43
460,rodriguezclarence@dunn-jarvis.info,laceymcclure,$2a$12$rnkUyvucz57dX7HK6enXL.hSeIlwE83Dr8xg3lotFACPHaSdDSuqW,Melissa,Oliver,true,
461,ndean@reed.com,uadkins,$2a$12$rnkUyvucz57dX7HK6enXL.hSeIlwE83Dr8xg3lotFACPHaSdDSuqW,Joshua,Carson,true,2025-01-04 01:22:08
462,amy11@yahoo.com,phunter,$2a$12$rnkUyvucz57dX7HK6enXL.hSeIlwE83Dr8xg3lotFACPHaSdDSuqW,Carol,Martinez,true,
463,amyball@austin.com,erinbrown,$2a$12$rnkUyvucz57dX7HK6enXL.hSeIlwE83Dr8xg3lotFACPHaSdDSuqW,Elizabeth,Chambers,true,2025-01-06 18:04:50
464,johnsonjoseph@gmail.com,jonesvirginia,$2a$12$rnkUyvucz57dX7HK6enXL.hSeIlwE83Dr8xg3lotFACPHaSdDSuqW,Darlene,Decker,true,2025-02-04 06:52:08
465,xbooker@gmail.com,smithsamuel,$2a$12$rnkUyvucz57dX7HK6enXL.hSeIlwE83Dr8xg3lotFACPHaSdDSuqW,William,Hernandez,true,
466,crystal37@williams.com,mhaynes,$2a$12$rnkUyvucz57dX7HK6enXL.hSeIlwE83Dr8xg3lotFACPHaSdDSuqW,Katherine,Hudson,true,2025-01-01 23:07:59
467,terrance36@hotmail.com,brandonevans,$2a$12$rnkUyvucz57dX7HK6enXL.hSeIlwE83Dr8xg3lotFACPHaSdDSuqW,Thomas,White,true,2025-01-25 05:37:16
468,grahampamela@yahoo.com,linda32,$2a$12$rnkUyvucz57dX7HK6enXL.hSeIlwE83Dr8xg3lotFACPHaSdDSuqW,Craig,Brooks,true,2025-01-26 11:41:39
469,williamsernest@yahoo.com,mitchelljennifer,$2a$12$rnkUyvucz57dX7HK6enXL.hSeIlwE83Dr8xg3lotFACPHaSdDSuqW,Lisa,Snyder,true,2025-01-05 04:27:25
470,brenda47@vaughn.com,kevinmendoza,$2a$12$rnkUyvucz57dX7HK6enXL.hSeIlwE83Dr8xg3lotFACPHaSdDSuqW,Paul,Lopez,true,2025-01-19 13:06:37
471,jenniferroy@hotmail.com,xhicks,$2a$12$rnkUyvucz57dX7HK6enXL.hSeIlwE83Dr8xg3lotFACPHaSdDSuqW,Hannah,Larsen,true,2025-01-18 01:02:07
472,nwilson@wilson-alvarado.com,nicholasturner,$2a$12$rnkUyvucz57dX7HK6enXL.hSeIlwE83Dr8xg3lotFACPHaSdDSuqW,Kenneth,Freeman,true,2025-02-01 05:18:14
473,whunt@cook.com,moorekelly,$2a$12$rnkUyvucz57dX7HK6enXL.hSeIlwE83Dr8xg3lotFACPHaSdDSuqW,John,Jackson,true,2025-02-05 08:22:39
474,sarahmendoza@jenkins.com,joeltaylor,$2a$12$rnkUyvucz57dX7HK6enXL.hSeIlwE83Dr8xg3lotFACPHaSdDSuqW,Cindy,Garcia,true,2025-01-02 15:15:20
475,lisamoore@blackwell-jimenez.com,darin42,$2a$12$rnkUyvucz57dX7HK6enXL.hSeIlwE83Dr8xg3lotFACPHaSdDSuqW,Joshua,Kemp,true,2025-01-09 15:57:27
476,gwatts@gmail.com,scottjerome,$2a$12$rnkUyvucz57dX7HK6enXL.hSeIlwE83Dr8xg3lotFACPHaSdDSuqW,Renee,Richardson,true,
477,emaldonado@harris.net,parkerjohn,$2a$12$rnkUyvucz57dX7HK6enXL.hSeIlwE83Dr8xg3lotFACPHaSdDSuqW,Jennifer,Lucas,true,2025-01-22 07:34:40
478,scott92@wilson-waters.com,kiddmelanie,$2a$12$rnkUyvucz57dX7HK6enXL.hSeIlwE83Dr8xg3lotFACPHaSdDSuqW,Raymond,Mcbride,true,2025-02-03 15:24:10
479,bradleysmith@hotmail.com,hwilliams,$2a$12$rnkUyvucz57dX7HK6enXL.hSeIlwE83Dr8xg3lotFACPHaSdDSuqW,Dawn,Andersen,true,2025-01-30 21:04:11
480,perrymichael@gmail.com,stevenliu,$2a$12$rnkUyvucz57dX7HK6enXL.hSeIlwE83Dr8xg3lotFACPHaSdDSuqW,Frank,Torres,true,2025-01-02 07:51:16
481,joselarson@castro.com,zwilson,$2a$12$rnkUyvucz57dX7HK6enXL.hSeIlwE83Dr8xg3lotFACPHaSdDSuqW,David,Pennington,true,
482,jeffreyhorton@hotmail.com,stephanie59,$2a$12$rnkUyvucz57dX7HK6enXL.hSeIlwE83Dr8xg3lotFACPHaSdDSuqW,Robert,Guzman,true,2025-01-23 09:02:17
483,mark40@hotmail.com,jonathanstevens,$2a$12$rnkUyvucz57dX7HK6enXL.hSeIlwE83Dr8xg3lotFACPHaSdDSuqW,Mario,Garcia,true,2025-01-06 23:05:07
484,mcdanieljeremy@gmail.com,smithkevin,$2a$12$rnkUyvucz57dX7HK6enXL.hSeIlwE83Dr8xg3lotFACPHaSdDSuqW,Charlotte,White,true,2025-01-03 03:40:45
485,nathan99@roberson-nguyen.com,andreevans,$2a$12$rnkUyvucz57dX7HK6enXL.hSeIlwE83Dr8xg3lotFACPHaSdDSuqW,David,Howard,true,
486,madisonruiz@yahoo.com,thomasdavis,$2a$12$rnkUyvucz57dX7HK6enXL.hSeIlwE83Dr8xg3lotFACPHaSdDSuqW,Monica,Taylor,true,2025-01-03 14:02:01
487,fritzmartin@yahoo.com,rmercer,$2a$12$rnkUyvucz57dX7HK6enXL.hSeIlwE83Dr8xg3lotFACPHaSdDSuqW,Theresa,Tucker,true,2025-01-15 15:50:38
488,xflores@hotmail.com,hammondgary,$2a$12$rnkUyvucz57dX7HK6enXL.hSeIlwE83Dr8xg3lotFACPHaSdDSuqW,James,King,true,2025-02-01 06:15:22
489,rodriguezdouglas@yahoo.com,kimberlyhoward,$2a$12$rnkUyvucz57dX7HK6enXL.hSeIlwE83Dr8xg3lotFACPHaSdDSuqW,Kenneth,Booth,true,
490,frank00@dillon-carrillo.com,kristen22,$2a$12$rnkUyvucz57dX7HK6enXL.hSeIlwE83Dr8xg3lotFACPHaSdDSuqW,Austin,Dixon,true,2025-01-13 17:34:23
491,christina79@hotmail.com,davisbrian,$2a$12$rnkUyvucz57dX7HK6enXL.hSeIlwE83Dr8xg3lotFACPHaSdDSuqW,Darrell,Hawkins,true,
492,daniel15@abbott-castro.net,rjimenez,$2a$12$rnkUyvucz57dX7HK6enXL.hSeIlwE83Dr8xg3lotFACPHaSdDSuqW,Kristy,Black,true,2025-01-10 22:10:02
493,kelleyleslie@clark.biz,joseph08,$2a$12$rnkUyvucz57dX7HK6enXL.hSeIlwE83Dr8xg3lotFACPHaSdDSuqW,Lisa,Middleton,true,
494,terri40@stone-ortiz.com,bonnie17,$2a$12$rnkUyvucz57dX7HK6enXL.hSeIlwE83Dr8xg3lotFACPHaSdDSuqW,Taylor,Wiley,true,2025-01-22 16:01:44
495,selena50@yahoo.com,egilbert,$2a$12$rnkUyvucz57dX7HK6enXL.hSeIlwE83Dr8xg3lotFACPHaSdDSuqW,Kristen,Graham,true,2025-02-09 13:26:31
496,lramsey@yahoo.com,fmiller,$2a$12$rnkUyvucz57dX7HK6enXL.hSeIlwE83Dr8xg3lotFACPHaSdDSuqW,Benjamin,Miller,true,2025-01-06 04:10:02
497,simssandra@gmail.com,jhughes,$2a$12$rnkUyvucz57dX7HK6enXL.hSeIlwE83Dr8xg3lotFACPHaSdDSuqW,Matthew,Bishop,true,2025-01-09 14:53:37
498,dicksonjasmine@yahoo.com,kraymond,$2a$12$rnkUyvucz57dX7HK6enXL.hSeIlwE83Dr8xg3lotFACPHaSdDSuqW,Sean,Duncan,true,2025-01-31 12:07:57
499,imatthews@ortiz.com,markfarmer,$2a$12$rnkUyvucz57dX7HK6enXL.hSeIlwE83Dr8xg3lotFACPHaSdDSuqW,Nicole,James,true,
500,dixoncarolyn@gmail.com,smithnicole,$2a$12$rnkUyvucz57dX7HK6enXL.hSeIlwE83Dr8xg3lotFACPHaSdDSuqW,Timothy,Lee,true,2025-01-08 08:32:51
